step,split,train_loss,lr,grad_norm,tokens_seen,time_s,steps_per_s,tokens_per_s,bce,reg_l1,reg_l2,kl,flux,stop,bits_per_step,n_valid,val_nll,val_bpt,val_frame_precision,val_frame_recall,val_frame_f1,val_frame_f1_best,val_frame_best_threshold,val_frame_precision_best,val_frame_recall_best,val_n_frames,val_loss,gen_gen_score,gen_oa_weighted,gen_pen_density,gen_pen_loop,gen_density_ratio,gen_calibrated,gen_oa_pitch_hist,gen_oa_pitch_class,gen_oa_poly_hist,gen_oa_ioi_hist,gen_oa_interval_hist,gen_oa_harm_hist,gen_z_pitch_hist,gen_z_poly_hist,gen_z_ioi_hist,gen_z_interval_hist,gen_z_harm_hist,gen_w_pitch_hist,gen_w_poly_hist,gen_w_ioi_hist,gen_w_interval_hist,gen_w_harm_hist,gen_score,gen_density,ref_density,gen_mean_poly,ref_mean_poly,gen_empty_ratio,ref_empty_ratio,gen_notes_per_sec,ref_notes_per_sec,gen_repeat8,ref_repeat8,gen_n_distinct_pitch,ref_n_distinct_pitch,gen_n_pieces,gen_grammar_violation,gen_grammar_prob_mass,gen_seconds,test_nll,test_bpt,test_frame_precision,test_frame_recall,test_frame_f1,test_frame_f1_best,test_frame_best_threshold,test_frame_precision_best,test_frame_recall_best,test_n_frames
50,train,0.2041117406,3e-05,0.1389657408,819200,13.36878991,3.740054286,61277.04941,0.1101550907,0.06152921915,0.0470289886,0.4616749287,-0.01493478473,0.04529580101,4.36454916,13005,,,,,,,,,,,,,,,,,,,,,,,,,,,,,,,,,,,,,,,,,,,,,,,,,,,,,,,,,,,,
100,train,0.1947573137,6e-05,0.1165198758,1638400,17.78557372,5.622534396,92119.60355,0.1020676047,0.05859774724,0.04298550263,0.09504391253,-0.01609495841,0.01968792826,4.272121429,14636,,,,,,,,,,,,,,,,,,,,,,,,,,,,,,,,,,,,,,,,,,,,,,,,,,,,,,,,,,,,
150,train,0.1970983022,9e-05,0.08830280602,2457600,22.20446396,6.755398387,110680.4472,0.09572380036,0.05303869396,0.04044888169,0.00129668205,-0.01480056439,0.02620885335,3.975618839,15125,,,,,,,,,,,,,,,,,,,,,,,,,,,,,,,,,,,,,,,,,,,,,,,,,,,,,,,,,,,,
200,train,0.1843876928,0.00012,0.1501612365,3276800,26.62675333,7.511242453,123064.1964,0.1049156263,0.05744478479,0.04553977028,0.005846317392,-0.01603232697,0.01895880513,4.321538925,15312,,,,,,,,,,,,,,,,,,,,,,,,,,,,,,,,,,,,,,,,,,,,,,,,,,,,,,,,,,,,
250,train,0.1833275867,0.00015,0.1105508506,4096000,31.06711507,8.047094152,131843.5906,0.09065528959,0.05384698138,0.04077639058,0.02375687845,-0.01718148775,0.01827358641,4.035946369,15766,,,,,,,,,,,,,,,,,,,,,,,,,,,,,,,,,,,,,,,,,,,,,,,,,,,,,,,,,,,,
300,train,0.1820089179,0.00018,0.174579218,4915200,35.50831699,8.448724845,138423.9079,0.08039388061,0.04752716795,0.03454135731,0.01624505408,-0.01664184034,0.0521196574,3.738923788,13574,,,,,,,,,,,,,,,,,,,,,,,,,,,,,,,,,,,,,,,,,,,,,,,,,,,,,,,,,,,,
350,train,0.1902237234,0.00021,0.1302423328,5734400,39.94588351,8.761854019,143554.2162,0.1032364592,0.05560401455,0.04475279897,0.02375359274,-0.01554036047,0.03382014856,4.228056431,14759,,,,,,,,,,,,,,,,,,,,,,,,,,,,,,,,,,,,,,,,,,,,,,,,,,,,,,,,,,,,
400,train,0.1875507483,0.00024,0.09002178907,6553600,44.37479138,9.014126884,147687.4549,0.1004545763,0.06010969728,0.04551900178,0.02281162143,-0.01910198294,0.0259432923,4.471253872,14970,,,,,,,,,,,,,,,,,,,,,,,,,,,,,,,,,,,,,,,,,,,,,,,,,,,,,,,,,,,,
450,train,0.1838306451,0.00027,0.07860542834,7372800,48.80714488,9.219961567,151059.8503,0.07930216938,0.04629068449,0.03513979912,0.01534454431,-0.01474447735,0.01771938056,3.509253502,15576,,,,,,,,,,,,,,,,,,,,,,,,,,,,,,,,,,,,,,,,,,,,,,,,,,,,,,,,,,,,
500,train,0.1895121485,0.0003,0.182744503,8192000,53.24332404,9.390848693,153859.665,0.08707302064,0.0568414256,0.04100757837,0.05698208138,-0.02008845471,0.03451102972,4.200061798,14537,,,,,,,,,,,,,,,,,,,,,,,,,,,,,,,,,,,,,,,,,,,,,,,,,,,,,,,,,,,,
550,train,0.1855763519,0.0002999634876,0.09361679852,9011200,57.68011928,9.535347827,156227.1388,0.08988380432,0.05411978066,0.04154356942,0.03534027189,-0.01698004082,0.01852958649,3.981446505,15071,,,,,,,,,,,,,,,,,,,,,,,,,,,,,,,,,,,,,,,,,,,,,,,,,,,,,,,,,,,,
600,train,0.1825911543,0.0002998509742,0.05102257803,9830400,62.13118052,9.656986958,158220.0743,0.08587282896,0.05049335957,0.03860217705,0.0237100441,-0.0158194527,0.03236706182,3.779257536,15145,,,,,,,,,,,,,,,,,,,,,,,,,,,,,,,,,,,,,,,,,,,,,,,,,,,,,,,,,,,,
650,train,0.180799506,0.0002996625046,0.06886849552,10649600,66.48509908,9.776626778,160180.2531,0.08256162703,0.04722594097,0.03698749095,0.03408806399,-0.01422564127,0.03631282225,3.539807796,13721,,,,,,,,,,,,,,,,,,,,,,,,,,,,,,,,,,,,,,,,,,,,,,,,,,,,,,,,,,,,
700,train,0.1790631296,0.0002993981795,0.2803285122,11468800,70.76951504,9.891264616,162058.4795,0.07917926461,0.05112949759,0.03600914404,0.03787785769,-0.01902881637,0.05377582461,3.920759439,13212,,,,,,,,,,,,,,,,,,,,,,,,,,,,,,,,,,,,,,,,,,,,,,,,,,,,,,,,,,,,
700,eval,0.1790631296,0.0002993981795,,11468800,70.77327752,,,,,,,,,,,2.665887302,3.84606239,0,0,0,0.06551764338,0.08,0.04133223093,0.1579296105,369353,2.665887302,,,,,,,,,,,,,,,,,,,,,,,,,,,,,,,,,,,,,,,,,,,,,,,,,
750,train,0.1825423896,0.0002990581397,0.258567661,12288000,81.07494235,9.25070038,151563.475,0.0869128406,0.05642633513,0.04071030766,0.05207740515,-0.02019832097,0.01103966869,4.233047485,15733,,,,,,,,,,,,,,,,,,,,,,,,,,,,,,,,,,,,,,,,,,,,,,,,,,,,,,,,,,,,
800,train,0.1781932801,0.0002986425668,0.05714643374,13107200,85.35590506,9.372520852,153559.3816,0.07456009835,0.04488732666,0.0347905606,0.05127411708,-0.01373510808,0.01827091351,3.263869524,14932,,,,,,,,,,,,,,,,,,,,,,,,,,,,,,,,,,,,,,,,,,,,,,,,,,,,,,,,,,,,
850,train,0.1781370318,0.0002981516826,0.08083757758,13926400,89.63132977,9.48329119,155374.2429,0.09019491076,0.0581882447,0.04422039166,0.06628970057,-0.01873281784,0.02564295568,4.129610062,15039,,,,,,,,,,,,,,,,,,,,,,,,,,,,,,,,,,,,,,,,,,,,,,,,,,,,,,,,,,,,
900,train,0.1767377597,0.0002975857489,0.2061928511,14745600,93.9123497,9.58340413,157014.4933,0.08699633181,0.06302661449,0.04589623213,0.07092607766,-0.02234595455,0.03594720736,4.368313313,14080,,,,,,,,,,,,,,,,,,,,,,,,,,,,,,,,,,,,,,,,,,,,,,,,,,,,,,,,,,,,
950,train,0.176369307,0.0002969450677,0.1889639348,15564800,98.19323325,9.674801089,158511.941,0.09154544026,0.06041324511,0.04447342828,0.0925058797,-0.02088125423,0.03118053451,4.388029575,15404,,,,,,,,,,,,,,,,,,,,,,,,,,,,,,,,,,,,,,,,,,,,,,,,,,,,,,,,,,,,
1000,train,0.1698107079,0.0002962299809,0.08301936835,16384000,102.4773092,9.75825778,159879.2955,0.08402185142,0.05058766156,0.03891129047,0.08066183329,-0.01597530395,0.02423440106,3.737511158,14672,,,,,,,,,,,,,,,,,,,,,,,,,,,,,,,,,,,,,,,,,,,,,,,,,,,,,,,,,,,,
1050,train,0.1717443839,0.00029544087,0.1729287505,17203200,106.7662914,9.834564697,161129.508,0.07835496217,0.05334468558,0.03908210248,0.05720566586,-0.01862367988,0.02132886462,3.81878829,15009,,,,,,,,,,,,,,,,,,,,,,,,,,,,,,,,,,,,,,,,,,,,,,,,,,,,,,,,,,,,
1100,train,0.1764207301,0.0002945781561,0.0956576243,18022400,111.053062,9.905174883,162286.3853,0.08247543871,0.05681540444,0.0424419716,0.08240355551,-0.01884172112,0.01725956798,3.917165756,14902,,,,,,,,,,,,,,,,,,,,,,,,,,,,,,,,,,,,,,,,,,,,,,,,,,,,,,,,,,,,
1150,train,0.1726218989,0.0002936422995,0.1341321021,18841600,115.3438332,9.970190586,163351.6026,0.07027463615,0.04623412713,0.03369720653,0.08307216316,-0.01594818756,0.03165282309,3.368660688,14307,,,,,,,,,,,,,,,,,,,,,,,,,,,,,,,,,,,,,,,,,,,,,,,,,,,,,,,,,,,,
1200,train,0.1703511572,0.0002926337996,0.1245527267,19660800,119.6274705,10.0311408,164350.2109,0.08043341339,0.04950585589,0.03900247067,0.06509660929,-0.01476122625,0.01176819112,3.496822834,16246,,,,,,,,,,,,,,,,,,,,,,,,,,,,,,,,,,,,,,,,,,,,,,,,,,,,,,,,,,,,
1250,train,0.170786382,0.0002915531945,0.3501755297,20480000,123.9129896,10.08772368,165277.2648,0.08885584027,0.05203149095,0.04278692976,0.06297019124,-0.01373324916,0.01947276667,3.620773554,15307,,,,,,,,,,,,,,,,,,,,,,,,,,,,,,,,,,,,,,,,,,,,,,,,,,,,,,,,,,,,
1300,train,0.1775577128,0.0002904010608,0.3344092369,21299200,128.1976762,10.14058943,166143.4172,0.07453195751,0.05495766923,0.03843905032,0.07821631432,-0.02095431462,0.02090425231,3.935023069,14610,,,,,,,,,,,,,,,,,,,,,,,,,,,,,,,,,,,,,,,,,,,,,,,,,,,,,,,,,,,,
1350,train,0.1710324481,0.0002891780132,0.2098632008,22118400,132.5335433,10.18610056,166889.0716,0.09253020585,0.05897199363,0.04661815986,0.07622528821,-0.01716787368,0.01511406526,4.01884985,15924,,,,,,,,,,,,,,,,,,,,,,,,,,,,,,,,,,,,,,,,,,,,,,,,,,,,,,,,,,,,
1400,train,0.1685929137,0.0002878847044,0.1485783607,22937600,136.8685582,10.22879191,167588.5266,0.07551169395,0.04803792387,0.03787759691,0.07583551109,-0.01438823901,0.008957596496,3.316368341,15668,,,,,,,,,,,,,,,,,,,,,,,,,,,,,,,,,,,,,,,,,,,,,,,,,,,,,,,,,,,,
1400,eval,0.1685929137,0.0002878847044,,22937600,136.8730512,,,,,,,,,,,2.667428024,3.848285182,0.1478672986,0.0009229076323,0.001834366144,0.09849492976,0.18,0.07646037719,0.138371068,369353,2.667428024,,,,,,,,,,,,,,,,,,,,,,,,,,,,,,,,,,,,,,,,,,,,,,,,,
1450,train,0.1718068588,0.0002865218244,0.07989829779,23756800,147.8514974,9.807137739,160680.1447,0.07574820518,0.04968916625,0.03745118901,0.06328886747,-0.01644060761,0.03433813527,3.542546511,14318,,,,,,,,,,,,,,,,,,,,,,,,,,,,,,,,,,,,,,,,,,,,,,,,,,,,,,,,,,,,
1500,train,0.1714519647,0.0002850901005,0.1966475099,24576000,152.1643074,9.85776511,161509.6236,0.0859997049,0.06184920296,0.04529926181,0.08455343544,-0.02187420242,0.01624964923,4.3074646,15954,,,,,,,,,,,,,,,,,,,,,,,,,,,,,,,,,,,,,,,,,,,,,,,,,,,,,,,,,,,,
1550,train,0.1655438712,0.0002835902966,0.1828013361,25395200,156.4760797,9.90566739,162294.4545,0.06845790893,0.04650620371,0.03377330676,0.06240160763,-0.0165459644,0.03063654527,3.359583855,13533,,,,,,,,,,,,,,,,,,,,,,,,,,,,,,,,,,,,,,,,,,,,,,,,,,,,,,,,,,,,
1600,train,0.164993564,0.0002820232129,0.1248850748,26214400,160.804759,9.949954278,163020.0509,0.07796847075,0.05259877443,0.03910803422,0.07212481648,-0.0179443974,0.03494301811,3.735857487,14515,,,,,,,,,,,,,,,,,,,,,,,,,,,,,,,,,,,,,,,,,,,,,,,,,,,,,,,,,,,,
1650,train,0.1713604799,0.0002803896857,0.05615278333,27033600,165.0855548,9.994817545,163755.0907,0.06583344936,0.04338485748,0.03285861015,0.05594305322,-0.01424367446,0.01029064786,3.060872793,15798,,,,,,,,,,,,,,,,,,,,,,,,,,,,,,,,,,,,,,,,,,,,,,,,,,,,,,,,,,,,
1700,train,0.1660623777,0.0002786905865,0.1752465218,27852800,169.3617656,10.03768468,164457.4258,0.06848487258,0.0467498377,0.03425255045,0.06179336458,-0.01641603187,0.02594743855,3.346087456,16080,,,,,,,,,,,,,,,,,,,,,,,,,,,,,,,,,,,,,,,,,,,,,,,,,,,,,,,,,,,,
1750,train,0.1678066957,0.000276926822,0.1525639594,28672000,173.6375647,10.07846432,165125.5594,0.0696149841,0.04298131913,0.03420641646,0.04995348677,-0.01257020794,0.02215764858,3.000226736,15277,,,,,,,,,,,,,,,,,,,,,,,,,,,,,,,,,,,,,,,,,,,,,,,,,,,,,,,,,,,,
1800,train,0.1704033619,0.0002750993333,0.09317085892,29491200,177.9171586,10.11706805,165758.0429,0.06905642152,0.04251681268,0.03321196139,0.054408364,-0.01304847095,0.02924592234,3.041494608,15503,,,,,,,,,,,,,,,,,,,,,,,,,,,,,,,,,,,,,,,,,,,,,,,,,,,,,,,,,,,,
1850,train,0.1708913651,0.0002732090954,0.09321063012,30310400,182.1990941,10.15372776,166358.6757,0.08861041069,0.0579928346,0.04494632408,0.07006958127,-0.01797380857,0.02825959399,3.997018576,14444,,,,,,,,,,,,,,,,,,,,,,,,,,,,,,,,,,,,,,,,,,,,,,,,,,,,,,,,,,,,
1900,train,0.1671090579,0.0002712571171,0.09776550531,31129600,186.4911535,10.18815083,166922.6632,0.07840330154,0.05188656971,0.04023575038,0.06427191943,-0.01624108665,0.04210842773,3.556580782,14503,,,,,,,,,,,,,,,,,,,,,,,,,,,,,,,,,,,,,,,,,,,,,,,,,,,,,,,,,,,,
1950,train,0.1690706882,0.0002692444398,0.08798219264,31948800,190.7791569,10.22124236,167464.8348,0.07869165391,0.05195848644,0.03999550641,0.07519550622,-0.01663547941,0.02453675307,3.611252308,14843,,,,,,,,,,,,,,,,,,,,,,,,,,,,,,,,,,,,,,,,,,,,,,,,,,,,,,,,,,,,
2000,train,0.1687800625,0.0002671721375,0.1641803086,32768000,195.0686054,10.25280309,167981.9258,0.0700282827,0.04794717953,0.03522307798,0.06866691262,-0.01684722677,0.009719633497,3.429045916,15369,,,,,,,,,,,,,,,,,,,,,,,,,,,,,,,,,,,,,,,,,,,,,,,,,,,,,,,,,,,,
2050,train,0.1687428361,0.000265041316,0.08127379417,33587200,199.3568089,10.2830699,168477.8172,0.06778810173,0.04335834458,0.03365641087,0.06261494756,-0.01356163621,0.01264092606,3.038780928,15063,,,,,,,,,,,,,,,,,,,,,,,,,,,,,,,,,,,,,,,,,,,,,,,,,,,,,,,,,,,,
2100,train,0.1682040694,0.0002628531121,0.09302696586,34406400,203.6463342,10.3119951,168951.7277,0.08117683232,0.05432584137,0.04083775729,0.05745392665,-0.01813126542,0.02326316386,3.835707188,14219,,,,,,,,,,,,,,,,,,,,,,,,,,,,,,,,,,,,,,,,,,,,,,,,,,,,,,,,,,,,
2100,eval,0.1682040694,0.0002628531121,,34406400,203.6501129,,,,,,,,,,,2.45905214,3.547662328,0.235513245,0.003366246428,0.006637619789,0.1174293555,0.12,0.07600432041,0.2581065012,369353,2.45905214,3.234927011,0.3126810816,0.1034577147,1,9.665784744,True,0.5719493026,0.8479487837,0.3998334575,0.2182300867,0.8422685808,0.6900597974,-0.03629880148,-0.5,-0.5,0.8447534171,0.5364760659,0.1994769244,0.133378928,0.05468187899,0.2769613457,0.3355009229,3.234927011,4.3565625,0.45072,4.465185833,1.973114757,0.024375,0.762275,87.13125,9.0144,0,0.2377351828,77.1875,41.196,16,0,0,18.22707891,,,,,,,,,,
2150,train,0.1646146427,0.0002606086935,0.09470478445,35225600,233.0607994,9.22506061,151143.393,0.08117294312,0.05716989934,0.04275018349,0.07906798273,-0.01948015019,0.02147263475,3.940060377,14019,,,,,,,,,,,,,,,,,,,,,,,,,,,,,,,,,,,,,,,,,,,,,,,,,,,,,,,,,,,,
2200,train,0.1628485094,0.0002583092578,0.05552772805,36044800,237.3580434,9.268697905,151858.3465,0.07196884602,0.05013990775,0.03780406713,0.0636176765,-0.01681473851,0.01347945724,3.445288658,15401,,,,,,,,,,,,,,,,,,,,,,,,,,,,,,,,,,,,,,,,,,,,,,,,,,,,,,,,,,,,
2250,train,0.167728909,0.0002559560319,0.1052306518,36864000,241.6558256,9.310762504,152547.5329,0.06492663175,0.04117619991,0.03202037886,0.05018524453,-0.01279298123,0.02594236284,2.900540113,14871,,,,,,,,,,,,,,,,,,,,,,,,,,,,,,,,,,,,,,,,,,,,,,,,,,,,,,,,,,,,
2300,train,0.1676227516,0.0002535502715,0.04399036616,37683200,245.9688351,9.350778113,153203.1486,0.0697896108,0.04779384285,0.03623145819,0.05864864215,-0.01584957354,0.01645777747,3.303169489,15169,,,,,,,,,,,,,,,,,,,,,,,,,,,,,,,,,,,,,,,,,,,,,,,,,,,,,,,,,,,,
2350,train,0.1640367746,0.0002510932602,0.08556994796,38502400,250.2721639,9.389777767,153842.1189,0.07674004138,0.04973970354,0.03854294494,0.06750483066,-0.01561715174,0.03888151795,3.470715523,13252,,,,,,,,,,,,,,,,,,,,,,,,,,,,,,,,,,,,,,,,,,,,,,,,,,,,,,,,,,,,
2400,train,0.165660013,0.0002485863091,0.1205589026,39321600,254.5710182,9.427624624,154462.2018,0.08388160914,0.05892489478,0.04554364458,0.06643845141,-0.01889134757,0.01540253777,3.930195093,15030,,,,,,,,,,,,,,,,,,,,,,,,,,,,,,,,,,,,,,,,,,,,,,,,,,,,,,,,,,,,
2450,train,0.1642906946,0.0002460307558,0.07298373431,40140800,258.8831289,9.463729871,155053.7502,0.05766579136,0.03953280672,0.02949067578,0.04930782691,-0.01362441853,0.04407770559,2.785159111,12534,,,,,,,,,,,,,,,,,,,,,,,,,,,,,,,,,,,,,,,,,,,,,,,,,,,,,,,,,,,,
2500,train,0.1629186252,0.0002434279639,0.1906559318,40960000,263.1869252,9.498952117,155630.8315,0.07603219897,0.04784042761,0.03810059652,0.06269258261,-0.0139486175,0.04882856086,3.290429592,12015,,,,,,,,,,,,,,,,,,,,,,,,,,,,,,,,,,,,,,,,,,,,,,,,,,,,,,,,,,,,
2550,train,0.1680603322,0.0002407793222,0.2076653689,41779200,267.4901257,9.533062178,156189.6907,0.07248514891,0.04447094351,0.03581894934,0.05228573829,-0.01258746535,0.03242651373,3.071939468,13591,,,,,,,,,,,,,,,,,,,,,,,,,,,,,,,,,,,,,,,,,,,,,,,,,,,,,,,,,,,,
2600,train,0.1655980068,0.000238086244,0.244352594,42598400,271.7843821,9.566406943,156736.0114,0.06946780533,0.04536572099,0.03621614724,0.05567726865,-0.01314263884,0.02894319594,3.016210794,14992,,,,,,,,,,,,,,,,,,,,,,,,,,,,,,,,,,,,,,,,,,,,,,,,,,,,,,,,,,,,
2650,train,0.1650108558,0.0002353501664,0.1027605087,43417600,276.0606525,9.599339768,157275.5828,0.06985192001,0.04839896038,0.03611794114,0.05987073481,-0.01673324965,0.03009507991,3.408460855,14165,,,,,,,,,,,,,,,,,,,,,,,,,,,,,,,,,,,,,,,,,,,,,,,,,,,,,,,,,,,,
2700,train,0.1644129425,0.0002325725491,0.1432443112,44236800,280.3394113,9.631182387,157797.2922,0.08070373535,0.0554853715,0.04300065711,0.07406035066,-0.01741285808,0.01467331219,3.713639736,15875,,,,,,,,,,,,,,,,,,,,,,,,,,,,,,,,,,,,,,,,,,,,,,,,,,,,,,,,,,,,
2750,train,0.16108086,0.0002297548744,0.1148436144,45056000,284.6182418,9.662065167,158303.2757,0.07095421106,0.05275931582,0.03887222335,0.0747115016,-0.01868282072,0.02088252641,3.580391407,15712,,,,,,,,,,,,,,,,,,,,,,,,,,,,,,,,,,,,,,,,,,,,,,,,,,,,,,,,,,,,
2800,train,0.1630444297,0.0002268986456,0.1972519159,45875200,288.8974838,9.692019338,158794.0448,0.07045466453,0.04574605078,0.03624017909,0.05617741123,-0.01358909532,0.02694089897,3.089083195,14445,,,,,,,,,,,,,,,,,,,,,,,,,,,,,,,,,,,,,,,,,,,,,,,,,,,,,,,,,,,,
2800,eval,0.1630444297,0.0002268986456,,45875200,288.9012048,,,,,,,,,,,2.49615913,3.601196399,0.2443212793,0.01590832451,0.0298716375,0.1366528665,0.18,0.09723122511,0.2298394969,369353,2.49615913,,,,,,,,,,,,,,,,,,,,,,,,,,,,,,,,,,,,,,,,,,,,,,,,,
2850,train,0.1564428984,0.0002240053868,0.1499482095,46694400,298.7048948,9.541189481,156322.8485,0.07739051431,0.05202688649,0.04071947187,0.06118965521,-0.01588140056,0.01213158108,3.491317511,15004,,,,,,,,,,,,,,,,,,,,,,,,,,,,,,,,,,,,,,,,,,,,,,,,,,,,,,,,,,,,
2900,train,0.165441902,0.0002210766419,0.06398852915,47513600,302.9874337,9.571354049,156817.0647,0.06858342886,0.04607361555,0.034806557,0.0584763363,-0.0155118145,0.03727395833,3.253957987,13884,,,,,,,,,,,,,,,,,,,,,,,,,,,,,,,,,,,,,,,,,,,,,,,,,,,,,,,,,,,,
2950,train,0.1647527909,0.0002181139734,0.1204122528,48332800,307.2864885,9.600161771,157289.0505,0.07732702047,0.05550510064,0.04110822454,0.06971550733,-0.01932925172,0.01047156379,3.840654612,16381,,,,,,,,,,,,,,,,,,,,,,,,,,,,,,,,,,,,,,,,,,,,,,,,,,,,,,,,,,,,
3000,train,0.1608250335,0.0002151189624,0.05446214229,49152000,311.5872879,9.628120647,157747.1287,0.07344245911,0.04983532801,0.03799456358,0.07166919112,-0.01624676213,0.02494950034,3.434741974,14726,,,,,,,,,,,,,,,,,,,,,,,,,,,,,,,,,,,,,,,,,,,,,,,,,,,,,,,,,,,,
3050,train,0.161550249,0.0002120932068,0.249692589,49971200,315.8833084,9.655464277,158195.1267,0.07919447869,0.0518570058,0.04136905074,0.07400663197,-0.01508062612,0.04925508425,3.448441505,13042,,,,,,,,,,,,,,,,,,,,,,,,,,,,,,,,,,,,,,,,,,,,,,,,,,,,,,,,,,,,
3100,train,0.1607573245,0.0002090383211,0.1451099217,50790400,320.1792338,9.682077015,158631.1498,0.06967495382,0.05200073123,0.03803226724,0.07319781184,-0.01867845654,0.0253736116,3.565756798,14619,,,,,,,,,,,,,,,,,,,,,,,,,,,,,,,,,,,,,,,,,,,,,,,,,,,,,,,,,,,,
3150,train,0.1583567926,0.0002059559354,0.0878687948,51609600,324.4871604,9.707626014,159049.7446,0.06689462066,0.04510404542,0.03488282114,0.05348603427,-0.01436765585,0.01874911599,3.078909636,15005,,,,,,,,,,,,,,,,,,,,,,,,,,,,,,,,,,,,,,,,,,,,,,,,,,,,,,,,,,,,
3200,train,0.1623709744,0.0002028476945,0.1351076663,52428800,328.7973504,9.732438525,159456.2728,0.07056082785,0.04991659895,0.03697342426,0.05243597925,-0.01747159846,0.01805371232,3.493519783,14997,,,,,,,,,,,,,,,,,,,,,,,,,,,,,,,,,,,,,,,,,,,,,,,,,,,,,,,,,,,,
3250,train,0.159318586,0.0001997152567,0.1119396389,53248000,333.086014,9.757239461,159862.6113,0.06781732291,0.04681380093,0.03615837544,0.06805188209,-0.01486562379,0.01816766523,3.132234573,15295,,,,,,,,,,,,,,,,,,,,,,,,,,,,,,,,,,,,,,,,,,,,,,,,,,,,,,,,,,,,
3300,train,0.161281552,0.0001965602936,0.2154678702,54067200,337.3778009,9.781319313,160257.1356,0.08217676729,0.06039465964,0.04401328415,0.08285881579,-0.02157916129,0.02972453646,4.190639973,15014,,,,,,,,,,,,,,,,,,,,,,,,,,,,,,,,,,,,,,,,,,,,,,,,,,,,,,,,,,,,
3350,train,0.1630966339,0.0001933844885,0.07125427574,54886400,341.6745799,9.804650968,160639.4015,0.06909822673,0.04568021372,0.03514544666,0.06893271208,-0.01461666264,0.01763098687,3.177624702,15399,,,,,,,,,,,,,,,,,,,,,,,,,,,,,,,,,,,,,,,,,,,,,,,,,,,,,,,,,,,,
3400,train,0.1602729934,0.000190189536,0.08591724187,55705600,345.9653947,9.827572502,161014.9479,0.05587334931,0.03793995827,0.02926103957,0.05721727386,-0.01208870299,0.02295270562,2.572538853,14560,,,,,,,,,,,,,,,,,,,,,,,,,,,,,,,,,,,,,,,,,,,,,,,,,,,,,,,,,,,,
3450,train,0.1634287581,0.000186977141,0.1094492897,56524800,350.2576344,9.849892368,161380.6366,0.05737022683,0.03961296752,0.02915553004,0.05574132502,-0.01398638356,0.02886491083,2.823362589,13673,,,,,,,,,,,,,,,,,,,,,,,,,,,,,,,,,,,,,,,,,,,,,,,,,,,,,,,,,,,,
3500,train,0.1615112391,0.0001837490174,0.1442771554,57344000,354.5564258,9.871489403,161734.4824,0.07543104887,0.05556857213,0.04084190354,0.07103195786,-0.01964589208,0.02932033129,3.811961651,13148,,,,,,,,,,,,,,,,,,,,,,,,,,,,,,,,,,,,,,,,,,,,,,,,,,,,,,,,,,,,
3500,eval,0.1615112391,0.0001837490174,,57344000,354.5601902,,,,,,,,,,,2.41067428,3.477867829,0.2473253326,0.03145576847,0.05581302584,0.1528777839,0.18,0.1075028911,0.2645313582,369353,2.41067428,,,,,,,,,,,,,,,,,,,,,,,,,,,,,,,,,,,,,,,,,,,,,,,,,
3550,train,0.1608859552,0.0001805068877,0.1029234529,58163200,364.5769584,9.737313119,159536.1381,0.07870286703,0.0578741841,0.0441599004,0.07894861698,-0.01928098127,0.007723109331,3.814732075,15731,,,,,,,,,,,,,,,,,,,,,,,,,,,,,,,,,,,,,,,,,,,,,,,,,,,,,,,,,,,,
3600,train,0.1583958846,0.000177252482,0.06857651472,58982400,368.853564,9.759970761,159907.3609,0.0684858039,0.04943101108,0.03749326989,0.07163294405,-0.01637873054,0.01017058268,3.288296461,15797,,,,,,,,,,,,,,,,,,,,,,,,,,,,,,,,,,,,,,,,,,,,,,,,,,,,,,,,,,,,
3650,train,0.1645827919,0.0001739875367,0.0469702892,59801600,373.1403403,9.781842394,160265.7058,0.06636298448,0.04550393671,0.03458155692,0.06433311105,-0.01505839825,0.02378208376,3.135772228,14663,,,,,,,,,,,,,,,,,,,,,,,,,,,,,,,,,,,,,,,,,,,,,,,,,,,,,,,,,,,,
3700,train,0.1601165205,0.0001707137938,0.05207586661,60620800,377.4207649,9.803382177,160618.6136,0.07063508034,0.05097928643,0.03847769648,0.07182579488,-0.01701832376,0.01532817446,3.421997547,14807,,,,,,,,,,,,,,,,,,,,,,,,,,,,,,,,,,,,,,,,,,,,,,,,,,,,,,,,,,,,
3750,train,0.1600627117,0.0001674330003,0.0481052883,61440000,381.7002461,9.824463144,160964.0042,0.07070475817,0.0510286577,0.03835027292,0.07078568637,-0.01723801717,0.04557155073,3.446983337,11830,,,,,,,,,,,,,,,,,,,,,,,,,,,,,,,,,,,,,,,,,,,,,,,,,,,,,,,,,,,,
3800,train,0.1602305532,0.0001641469068,0.09177716076,62259200,385.9868538,9.844894877,161298.7577,0.08087172359,0.05966548994,0.04541258141,0.08558985591,-0.01958152466,0.01771872304,3.898094416,14705,,,,,,,,,,,,,,,,,,,,,,,,,,,,,,,,,,,,,,,,,,,,,,,,,,,,,,,,,,,,
3850,train,0.1651055142,0.0001608572665,0.07151832432,63078400,390.2733369,9.864880934,161626.2092,0.07235063612,0.05297829583,0.03958327696,0.07001935691,-0.01818245091,0.04295359924,3.58088088,13200,,,,,,,,,,,,,,,,,,,,,,,,,,,,,,,,,,,,,,,,,,,,,,,,,,,,,,,,,,,,
3900,train,0.1620238504,0.0001575658348,0.05118001252,63897600,394.5470538,9.884752559,161951.7859,0.07165858895,0.05075456202,0.03838830069,0.06760001183,-0.01686172932,0.02184321173,3.434113979,14393,,,,,,,,,,,,,,,,,,,,,,,,,,,,,,,,,,,,,,,,,,,,,,,,,,,,,,,,,,,,
3950,train,0.1592780362,0.0001542743681,0.06678826362,64716800,398.823586,9.904128389,162269.2395,0.08040818572,0.05742234364,0.04367090762,0.07492117584,-0.01909367554,0.004981320351,3.866337776,16384,,,,,,,,,,,,,,,,,,,,,,,,,,,,,,,,,,,,,,,,,,,,,,,,,,,,,,,,,,,,
4000,train,0.1675009409,0.0001509846224,0.1361173987,65536000,403.097543,9.92315649,162580.9959,0.07645922154,0.05597925931,0.04134374857,0.07242750376,-0.01998578385,0.01876526326,3.873438835,14804,,,,,,,,,,,,,,,,,,,,,,,,,,,,,,,,,,,,,,,,,,,,,,,,,,,,,,,,,,,,
4050,train,0.1560229793,0.0001476983533,0.0799414143,66355200,407.3743277,9.941716316,162885.0801,0.06242643297,0.04231806844,0.03258401155,0.05920586362,-0.01363132894,0.03245513514,2.893438339,13919,,,,,,,,,,,,,,,,,,,,,,,,,,,,,,,,,,,,,,,,,,,,,,,,,,,,,,,,,,,,
4100,train,0.158245068,0.0001444173142,0.08350905776,67174400,411.6505108,9.959905047,163183.0843,0.05883539841,0.04349599034,0.03220081702,0.0630139336,-0.01538529899,0.01441072579,2.970030308,15601,,,,,,,,,,,,,,,,,,,,,,,,,,,,,,,,,,,,,,,,,,,,,,,,,,,,,,,,,,,,
4150,train,0.1622141868,0.0001411432558,0.1593797803,67993600,415.926564,9.977722895,163475.0119,0.08333329856,0.06527814269,0.04780369624,0.07898005843,-0.02342363261,0.02185215615,4.355717659,15104,,,,,,,,,,,,,,,,,,,,,,,,,,,,,,,,,,,,,,,,,,,,,,,,,,,,,,,,,,,,
4200,train,0.1595873727,0.000137877925,0.1264712363,68812800,420.2081439,9.995046646,163758.8443,0.05847839266,0.04338366166,0.03184489533,0.05888330936,-0.01564570516,0.01420334633,2.984711647,14938,,,,,,,,,,,,,,,,,,,,,,,,,,,,,,,,,,,,,,,,,,,,,,,,,,,,,,,,,,,,
4200,eval,0.1595873727,0.000137877925,,68812800,420.2119138,,,,,,,,,,,2.3186238,3.345067057,0.2596807723,0.04360146955,0.07466618037,0.1657080184,0.18,0.1180345,0.2779845117,369353,2.3186238,0.452271467,0.03504678661,0.129047913,1,7.749059838,True,0.2030440048,0.7210613334,0.4957046857,0.2199951518,0.6892206486,0.5765344038,-0.5,-0.5,-0.5,0.4609720257,0.3014722551,0.1994769244,0.133378928,0.05468187899,0.2769613457,0.3355009229,0.452271467,3.49265625,0.45072,3.600709962,1.973114757,0.031484375,0.762275,69.853125,9.0144,0.000157629256,0.2377351828,74.5625,41.196,16,0,0,18.2179749,,,,,,,,,,
4250,train,0.1607241219,0.0001346230643,0.06789523363,69632000,449.2506087,9.460198646,154995.8946,0.06666409969,0.04866829142,0.03697704896,0.06488426775,-0.01633039862,0.02214943245,3.244215727,14610,,,,,,,,,,,,,,,,,,,,,,,,,,,,,,,,,,,,,,,,,,,,,,,,,,,,,,,,,,,,
4300,train,0.1536931637,0.0001313804104,0.08353949338,70451200,453.5506015,9.480750298,155332.6129,0.0805696696,0.06024419516,0.04476395994,0.09325560927,-0.02079060301,0.01441697776,4.05055666,15503,,,,,,,,,,,,,,,,,,,,,,,,,,,,,,,,,,,,,,,,,,,,,,,,,,,,,,,,,,,,
4350,train,0.1595277888,0.0001281516934,0.101001896,71270400,457.8539021,9.500847279,155661.8818,0.06789901853,0.0491973795,0.03759850934,0.07210087776,-0.01594168879,0.02259058133,3.244399071,15131,,,,,,,,,,,,,,,,,,,,,,,,,,,,,,,,,,,,,,,,,,,,,,,,,,,,,,,,,,,,
4400,train,0.1531234621,0.0001249386363,0.05278289318,72089600,462.1476099,9.520767619,155988.2567,0.0741373226,0.05313184112,0.04000310227,0.06814195961,-0.01803983562,0.04336920381,3.617446184,13529,,,,,,,,,,,,,,,,,,,,,,,,,,,,,,,,,,,,,,,,,,,,,,,,,,,,,,,,,,,,
4450,train,0.1581812307,0.0001217429533,0.04674430937,72908800,466.4443984,9.540258207,156307.5905,0.06602784991,0.04593990743,0.03489902616,0.06398561597,-0.01522936113,0.009375042282,3.140058517,15370,,,,,,,,,,,,,,,,,,,,,,,,,,,,,,,,,,,,,,,,,,,,,,,,,,,,,,,,,,,,
4500,train,0.1539566857,0.0001185663497,0.05340667441,73728000,470.7470305,9.55927432,156619.1505,0.06777399033,0.04989669472,0.03753264621,0.07135540992,-0.01674167439,0.01843516156,3.311271906,15231,,,,,,,,,,,,,,,,,,,,,,,,,,,,,,,,,,,,,,,,,,,,,,,,,,,,,,,,,,,,
4550,train,0.1589576074,0.0001154105205,0.1218679696,74547200,475.043992,9.578060298,156926.9399,0.07134556025,0.0516240485,0.03820714727,0.06118821725,-0.01826657727,0.01980813779,3.577966452,14691,,,,,,,,,,,,,,,,,,,,,,,,,,,,,,,,,,,,,,,,,,,,,,,,,,,,,,,,,,,,
4600,train,0.1548169295,0.0001122771496,0.1196920499,75366400,479.3499517,9.596329327,157226.2597,0.07691383362,0.05699637905,0.043522425,0.07871088386,-0.0185947977,0.01170994155,3.70686388,15538,,,,,,,,,,,,,,,,,,,,,,,,,,,,,,,,,,,,,,,,,,,,,,,,,,,,,,,,,,,,
4650,train,0.1591598368,0.0001091679088,0.1242397279,76185600,483.65797,9.614232141,157519.5794,0.08353541791,0.0610065572,0.04674773663,0.08797107637,-0.01964820735,0.02331726626,3.998014688,15401,,,,,,,,,,,,,,,,,,,,,,,,,,,,,,,,,,,,,,,,,,,,,,,,,,,,,,,,,,,,
4700,train,0.1544058204,0.0001060844572,0.09023220837,77004800,487.9712071,9.631715829,157806.0321,0.05260981619,0.03632877022,0.0269851014,0.04446355999,-0.01267878991,0.02288670279,2.576464891,14530,,,,,,,,,,,,,,,,,,,,,,,,,,,,,,,,,,,,,,,,,,,,,,,,,,,,,,,,,,,,
4750,train,0.1567919919,0.0001030284402,0.1066626087,77824000,492.2753389,9.649071617,158090.3894,0.05272752419,0.03742069751,0.027566351,0.04991513863,-0.01320821419,0.01662136614,2.62787199,15242,,,,,,,,,,,,,,,,,,,,,,,,,,,,,,,,,,,,,,,,,,,,,,,,,,,,,,,,,,,,
4800,train,0.1535299133,0.0001000014883,0.04338286445,78643200,496.5771258,9.666172183,158370.565,0.06828411669,0.04830844328,0.03635537997,0.063055709,-0.01631488837,0.01862245984,3.320000648,15605,,,,,,,,,,,,,,,,,,,,,,,,,,,,,,,,,,,,,,,,,,,,,,,,,,,,,,,,,,,,
4850,train,0.1605736563,9.700521662e-05,0.06102980301,79462400,500.8872395,9.682818044,158643.2908,0.06593964994,0.04781479761,0.03575386852,0.06243597716,-0.01644375734,0.0194986295,3.252011299,14845,,,,,,,,,,,,,,,,,,,,,,,,,,,,,,,,,,,,,,,,,,,,,,,,,,,,,,,,,,,,
4900,train,0.157261593,9.404122402e-05,0.05152389407,80281600,505.1840036,9.699436176,158915.5623,0.07103991508,0.05219940841,0.03945204243,0.06806313992,-0.01759038121,0.002956223674,3.46801424,16384,,,,,,,,,,,,,,,,,,,,,,,,,,,,,,,,,,,,,,,,,,,,,,,,,,,,,,,,,,,,
4900,eval,0.157261593,9.404122402e-05,,80281600,505.1878076,,,,,,,,,,,2.366551866,3.414212641,0.2466962212,0.06913524738,0.1080031978,0.179249367,0.25,0.1421640199,0.2425117286,369353,2.366551866,,,,,,,,,,,,,,,,,,,,,,,,,,,,,,,,,,,,,,,,,,,,,,,,,
4950,train,0.1557894775,9.111109198e-05,0.0881338045,81100800,515.0829906,9.610101847,157451.9087,0.06839964539,0.04781977832,0.03658092767,0.06273191422,-0.0155005753,0.01614160277,3.217152119,15310,,,,,,,,,,,,,,,,,,,,,,,,,,,,,,,,,,,,,,,,,,,,,,,,,,,,,,,,,,,,
5000,train,0.1526002146,8.8216384e-05,0.0879586637,81920000,519.3554223,9.627318375,157733.9843,0.06917968392,0.04903488979,0.03745120391,0.0695932284,-0.01592451893,0.03277940676,3.265504837,13267,,,,,,,,,,,,,,,,,,,,,,,,,,,,,,,,,,,,,,,,,,,,,,,,,,,,,,,,,,,,
5050,train,0.155284788,8.535864462e-05,0.08766554296,82739200,523.6297042,9.644219874,158010.8984,0.06789784133,0.0514218621,0.03799439967,0.07891174406,-0.01815452427,0.04577513784,3.453863144,12523,,,,,,,,,,,,,,,,,,,,,,,,,,,,,,,,,,,,,,,,,,,,,,,,,,,,,,,,,,,,
5100,train,0.1538987583,8.253939871e-05,0.07693297416,83558400,527.9045949,9.66083654,158283.1459,0.08404111862,0.06342118979,0.04777714983,0.07862039655,-0.02133279108,0.01641446166,4.147171974,14651,,,,,,,,,,,,,,,,,,,,,,,,,,,,,,,,,,,,,,,,,,,,,,,,,,,,,,,,,,,,
5150,train,0.1556607069,7.976015055e-05,0.08370045573,84377600,532.1805112,9.677167599,158550.7139,0.07331654429,0.05377203971,0.04095871747,0.06358037889,-0.01780088805,0.01087311283,3.540977001,15629,,,,,,,,,,,,,,,,,,,,,,,,,,,,,,,,,,,,,,,,,,,,,,,,,,,,,,,,,,,,
5200,train,0.1566988425,7.702238312e-05,0.04735330865,85196800,536.4567173,9.693233084,158813.9309,0.08324421197,0.06250114739,0.04669556767,0.08249985427,-0.02152599953,0.01465861686,4.171888351,15200,,,,,,,,,,,,,,,,,,,,,,,,,,,,,,,,,,,,,,,,,,,,,,,,,,,,,,,,,,,,
5250,train,0.1564550585,7.432755724e-05,0.05987302586,86016000,540.7440302,9.708845048,159069.7173,0.06145165861,0.04237199202,0.03231984749,0.05714250356,-0.01388340164,0.0194196254,2.899550915,14696,,,,,,,,,,,,,,,,,,,,,,,,,,,,,,,,,,,,,,,,,,,,,,,,,,,,,,,,,,,,
5300,train,0.1559709466,7.167711082e-05,0.05618038028,86835200,545.0388448,9.724077559,159319.2867,0.07215167582,0.05327232927,0.03974571452,0.07641381025,-0.01846750081,0.01779794693,3.610415697,15523,,,,,,,,,,,,,,,,,,,,,,,,,,,,,,,,,,,,,,,,,,,,,,,,,,,,,,,,,,,,
5350,train,0.1574198161,6.907245811e-05,0.04419305548,87654400,549.348217,9.738813806,159560.7254,0.07408741862,0.05457976833,0.0408578217,0.0701746121,-0.01874075457,0.01921811327,3.673141003,15899,,,,,,,,,,,,,,,,,,,,,,,,,,,,,,,,,,,,,,,,,,,,,,,,,,,,,,,,,,,,
5400,train,0.1541030848,6.651498889e-05,0.04318978265,88473600,553.6537187,9.753388838,159799.5227,0.06289228797,0.04642913863,0.03487840667,0.06074346229,-0.01573192701,0.03445796669,3.095259905,13311,,,,,,,,,,,,,,,,,,,,,,,,,,,,,,,,,,,,,,,,,,,,,,,,,,,,,,,,,,,,
5450,train,0.1538483523,6.40060678e-05,0.04841066897,89292800,557.947521,9.767943749,160037.9904,0.06509499252,0.04955086112,0.03694981337,0.07055413723,-0.01738026366,0.01003083866,3.300113678,15714,,,,,,,,,,,,,,,,,,,,,,,,,,,,,,,,,,,,,,,,,,,,,,,,,,,,,,,,,,,,
5500,train,0.1572356874,6.154703356e-05,0.09343323112,90112000,562.2536705,9.78206153,160269.2961,0.06774378568,0.04946391284,0.0366361104,0.06345300376,-0.01738096587,0.01224186085,3.402498722,15330,,,,,,,,,,,,,,,,,,,,,,,,,,,,,,,,,,,,,,,,,,,,,,,,,,,,,,,,,,,,
5550,train,0.1517036502,5.913919827e-05,0.04226093367,90931200,566.5548275,9.796051028,160498.5,0.07405805588,0.05176062137,0.03913286701,0.06460977346,-0.01718720607,0.01756309345,3.53972578,14858,,,,,,,,,,,,,,,,,,,,,,,,,,,,,,,,,,,,,,,,,,,,,,,,,,,,,,,,,,,,
5600,train,0.1529316077,5.67838467e-05,0.06842410564,91750400,570.8536084,9.809870548,160724.9191,0.07097926736,0.05292952061,0.03998781741,0.06510648131,-0.01767697558,0.03470992297,3.469639063,14653,,,,,,,,,,,,,,,,,,,,,,,,,,,,,,,,,,,,,,,,,,,,,,,,,,,,,,,,,,,,
5600,eval,0.1529316077,5.67838467e-05,,91750400,570.8575952,,,,,,,,,,,2.309528313,3.331945044,0.2551911585,0.07554235614,0.1165756751,0.18571289,0.25,0.1507524899,0.2417840514,369353,2.309528313,,,,,,,,,,,,,,,,,,,,,,,,,,,,,,,,,,,,,,,,,,,,,,,,,
5650,train,0.1543999337,5.448223564e-05,0.0739152655,92569600,580.7715807,9.728437458,159390.7193,0.05708568171,0.03875261173,0.02883399092,0.05173745006,-0.01331581734,0.02792188711,2.752268076,13710,,,,,,,,,,,,,,,,,,,,,,,,,,,,,,,,,,,,,,,,,,,,,,,,,,,,,,,,,,,,
5700,train,0.1557556595,5.223559318e-05,0.0481271185,93388800,585.0741351,9.742355128,159618.7464,0.07504019886,0.05645042658,0.04203796387,0.07695508003,-0.01960748062,0.02702109888,3.763991594,13843,,,,,,,,,,,,,,,,,,,,,,,,,,,,,,,,,,,,,,,,,,,,,,,,,,,,,,,,,,,,
5750,train,0.1548090377,5.004511811e-05,0.06579578668,94208000,589.381671,9.755987136,159842.0932,0.07380065322,0.05465459451,0.04114840552,0.07040519267,-0.01839113794,0.03477999195,3.617261171,13165,,,,,,,,,,,,,,,,,,,,,,,,,,,,,,,,,,,,,,,,,,,,,,,,,,,,,,,,,,,,
5800,train,0.1528909279,4.791197921e-05,0.05715621263,95027200,593.6767769,9.769625874,160065.5503,0.07372648269,0.05735753477,0.04285454378,0.07677354664,-0.01965577155,0.0233675614,3.717805862,15438,,,,,,,,,,,,,,,,,,,,,,,,,,,,,,,,,,,,,,,,,,,,,,,,,,,,,,,,,,,,
5850,train,0.1569704548,4.583731471e-05,0.06500152498,95846400,597.9820871,9.782901739,160283.0621,0.06402949244,0.04707183689,0.03563893959,0.06116262451,-0.01560898125,0.01166894473,3.102910042,15880,,,,,,,,,,,,,,,,,,,,,,,,,,,,,,,,,,,,,,,,,,,,,,,,,,,,,,,,,,,,
5900,train,0.1569645819,4.382223161e-05,0.04325548187,96665600,602.2765176,9.796164764,160500.3635,0.0672339201,0.04668905213,0.03540269285,0.05959593505,-0.01541603357,0.01592406072,3.194710493,14831,,,,,,,,,,,,,,,,,,,,,,,,,,,,,,,,,,,,,,,,,,,,,,,,,,,,,,,,,,,,
5950,train,0.1521791929,4.186780511e-05,0.06084449589,97484800,606.5736606,9.809196123,160713.8693,0.07043135166,0.05391804501,0.03972145543,0.07157550752,-0.01892247424,0.01217243169,3.570833206,15319,,,,,,,,,,,,,,,,,,,,,,,,,,,,,,,,,,,,,,,,,,,,,,,,,,,,,,,,,,,,
6000,train,0.1542336011,3.997507808e-05,0.0602264218,98304000,610.8674304,9.822098382,160925.2599,0.07407416403,0.05625030398,0.04177459702,0.06937208027,-0.01959843002,0.02151658572,3.7504673,15395,,,,,,,,,,,,,,,,,,,,,,,,,,,,,,,,,,,,,,,,,,,,,,,,,,,,,,,,,,,,
6050,train,0.1539634942,3.814506045e-05,0.07268725336,99123200,615.1687813,9.834699328,161131.7138,0.07773506641,0.05885402113,0.04419941455,0.07551486045,-0.01989054866,0.02825460956,3.845621109,14828,,,,,,,,,,,,,,,,,,,,,,,,,,,,,,,,,,,,,,,,,,,,,,,,,,,,,,,,,,,,
6100,train,0.1567145497,3.637872867e-05,0.0548979044,99942400,619.4678349,9.847161799,161335.8989,0.06665338576,0.04992029071,0.03731148317,0.07248238474,-0.0169111453,0.02807172574,3.289904594,13619,,,,,,,,,,,,,,,,,,,,,,,,,,,,,,,,,,,,,,,,,,,,,,,,,,,,,,,,,,,,
6150,train,0.1534067044,3.467702523e-05,0.09315723181,100761600,623.7647378,9.859486481,161537.8265,0.06424235553,0.0504196547,0.03669544309,0.07059462368,-0.01849020831,0.0217881538,3.369564295,12602,,,,,,,,,,,,,,,,,,,,,,,,,,,,,,,,,,,,,,,,,,,,,,,,,,,,,,,,,,,,
6200,train,0.1544098867,3.304085815e-05,0.04074617103,101580800,628.0712667,9.871491229,161734.5123,0.0713185817,0.05340518057,0.03970174119,0.0687482059,-0.01850030757,0.02173170634,3.567576408,13167,,,,,,,,,,,,,,,,,,,,,,,,,,,,,,,,,,,,,,,,,,,,,,,,,,,,,,,,,,,,
6250,train,0.159603765,3.147110044e-05,0.03464155644,102400000,632.3603699,9.88360482,161932.9814,0.06850858033,0.04794707894,0.03612402827,0.0566598922,-0.01594494656,0.02602906711,3.297465324,14121,,,,,,,,,,,,,,,,,,,,,,,,,,,,,,,,,,,,,,,,,,,,,,,,,,,,,,,,,,,,
6300,train,0.1602368142,2.996858971e-05,0.07282336056,103219200,636.6368477,9.895751436,162131.9915,0.06997939944,0.05373220146,0.03942685574,0.07697294652,-0.01930820942,0.02051970176,3.627880096,14488,,,,,,,,,,,,,,,,,,,,,,,,,,,,,,,,,,,,,,,,,,,,,,,,,,,,,,,,,,,,
6300,eval,0.1602368142,2.996858971e-05,,103219200,636.6406071,,,,,,,,,,,2.318948872,3.345536037,0.2515507646,0.09332607628,0.1361427795,0.191042209,0.25,0.1492069825,0.2654779301,369353,2.318948872,1.228147063,0.1224545996,0.1002940737,1,9.970678858,True,0.3845039894,0.6916316486,0.3810967695,0.213616296,0.7660593913,0.6255518702,-0.5,-0.5,-0.5,0.653652052,0.4029411074,0.1994769244,0.133378928,0.05468187899,0.2769613457,0.3355009229,1.228147063,4.493984375,0.45072,4.610161679,1.973114757,0.026640625,0.762275,89.8796875,9.0144,0.000315258512,0.2377351828,73.875,41.196,16,0,0,18.31215286,,,,,,,,,,
6350,train,0.1545910308,2.853412767e-05,0.05619467422,104038400,665.6190081,9.539991982,156303.2286,0.05129490793,0.03669791669,0.02708107047,0.04989086092,-0.01282261126,0.02141189948,2.547242165,14351,,,,,,,,,,,,,,,,,,,,,,,,,,,,,,,,,,,,,,,,,,,,,,,,,,,,,,,,,,,,
6400,train,0.1531292842,2.716847973e-05,0.04809699208,104857600,669.9335334,9.553186519,156519.4079,0.05878648907,0.043850407,0.03251527995,0.06024821103,-0.0152700413,0.02165590972,2.94591856,15471,,,,,,,,,,,,,,,,,,,,,,,,,,,,,,,,,,,,,,,,,,,,,,,,,,,,,,,,,,,,
6450,train,0.1540095223,2.587237457e-05,0.06239349023,105676800,674.2450731,9.566254553,156733.5146,0.06886901706,0.05203625187,0.0389238447,0.07321055233,-0.01762430556,0.02655290067,3.418023586,15080,,,,,,,,,,,,,,,,,,,,,,,,,,,,,,,,,,,,,,,,,,,,,,,,,,,,,,,,,,,,
6500,train,0.1501288205,2.464650378e-05,0.03667193651,106496000,678.544368,9.57932938,156947.7326,0.05678753927,0.03968160227,0.02985025011,0.05169282481,-0.01320089214,0.007314260583,2.71283865,16002,,,,,,,,,,,,,,,,,,,,,,,,,,,,,,,,,,,,,,,,,,,,,,,,,,,,,,,,,,,,
6550,train,0.1544862185,2.349152146e-05,0.06312153488,107315200,682.8602178,9.592007016,157155.4429,0.06939859688,0.05158990622,0.03872640803,0.06811416894,-0.01739862002,0.007990551181,3.413760662,15701,,,,,,,,,,,,,,,,,,,,,,,,,,,,,,,,,,,,,,,,,,,,,,,,,,,,,,,,,,,,
6600,train,0.1545803557,2.240804389e-05,0.06043121591,108134400,687.1702361,9.604606913,157361.8797,0.07021488249,0.05412144959,0.03981879726,0.07841558754,-0.01904441416,0.02505821735,3.586951017,14287,,,,,,,,,,,,,,,,,,,,,,,,,,,,,,,,,,,,,,,,,,,,,,,,,,,,,,,,,,,,
6650,train,0.1541153708,2.139664919e-05,0.04824309796,108953600,691.4681664,9.617217861,157568.4974,0.07154899836,0.05455633998,0.04034097493,0.08020885289,-0.01885048114,0.01076341141,3.618149757,15564,,,,,,,,,,,,,,,,,,,,,,,,,,,,,,,,,,,,,,,,,,,,,,,,,,,,,,,,,,,,
6700,train,0.152433203,2.045787704e-05,0.08824460208,109772800,695.7541795,9.629837948,157775.2649,0.08551366627,0.06713140011,0.0498508513,0.1029046997,-0.02282176726,0.0156963747,4.319437027,15502,,,,,,,,,,,,,,,,,,,,,,,,,,,,,,,,,,,,,,,,,,,,,,,,,,,,,,,,,,,,
6750,train,0.1541485506,1.959222833e-05,0.05343012884,110592000,700.043278,9.642261003,157978.8043,0.06200777367,0.04547086358,0.03373637423,0.05989326537,-0.01571457833,0.0279595945,3.08220911,14444,,,,,,,,,,,,,,,,,,,,,,,,,,,,,,,,,,,,,,,,,,,,,,,,,,,,,,,,,,,,
6800,train,0.1521588904,1.880016498e-05,0.04512444139,111411200,704.3307478,9.654555081,158180.2304,0.07069800049,0.05310961232,0.03941721097,0.07892545313,-0.01820018515,0.03369585052,3.537837029,14373,,,,,,,,,,,,,,,,,,,,,,,,,,,,,,,,,,,,,,,,,,,,,,,,,,,,,,,,,,,,
6850,train,0.1568168931,1.808210961e-05,0.04425958544,112230400,708.6167791,9.666720013,158379.5407,0.07787445933,0.05719077587,0.04280326888,0.07271485776,-0.01917900331,0.04261014611,3.822440147,13526,,,,,,,,,,,,,,,,,,,,,,,,,,,,,,,,,,,,,,,,,,,,,,,,,,,,,,,,,,,,
6900,train,0.1538486494,1.743844536e-05,0.03829139099,113049600,712.9101608,9.67863888,158574.8194,0.06607460231,0.04580365866,0.03429001942,0.05892146751,-0.01546137314,0.02688793838,3.178637981,14121,,,,,,,,,,,,,,,,,,,,,,,,,,,,,,,,,,,,,,,,,,,,,,,,,,,,,,,,,,,,
6950,train,0.1544973944,1.686951569e-05,0.03606793657,113868800,717.196418,9.690511309,158769.3373,0.07603972405,0.05740511417,0.04270905256,0.07270786911,-0.01955774799,0.003599138232,3.789422989,16384,,,,,,,,,,,,,,,,,,,,,,,,,,,,,,,,,,,,,,,,,,,,,,,,,,,,,,,,,,,,
7000,train,0.1567824841,1.637562416e-05,0.04882421717,114688000,721.4850204,9.702211137,158961.0273,0.07722408324,0.0583681874,0.04330220073,0.08938297629,-0.01992529444,0.02212193608,3.856941223,14815,,,,,,,,,,,,,,,,,,,,,,,,,,,,,,,,,,,,,,,,,,,,,,,,,,,,,,,,,,,,
7000,eval,0.1567824841,1.637562416e-05,,114688000,721.4887679,,,,,,,,,,,2.323463835,3.352049753,0.2478621515,0.1028864528,0.1454127386,0.1928077156,0.25,0.1485511305,0.2746241814,369353,2.323463835,,,,,,,,,,,,,,,,,,,,,,,,,,,,,,,,,,,,,,,,,,,,,,,,,
7050,train,0.15508587,1.595703431e-05,0.07796742022,115507200,731.3736656,9.639395472,157931.8554,0.07086069882,0.05562543869,0.04060038179,0.08057813346,-0.019827988,0.02770458534,3.685534954,13326,,,,,,,,,,,,,,,,,,,,,,,,,,,,,,,,,,,,,,,,,,,,,,,,,,,,,,,,,,,,
7100,train,0.1552337313,1.561396949e-05,0.05809891224,116326400,735.6567051,9.65124079,158125.9291,0.07077438384,0.05291945115,0.03913893923,0.06921237707,-0.01844296791,0.01880791411,3.559773207,15680,,,,,,,,,,,,,,,,,,,,,,,,,,,,,,,,,,,,,,,,,,,,,,,,,,,,,,,,,,,,
7150,train,0.1525066684,1.534661276e-05,0.0479253605,117145600,739.9320138,9.663049939,158319.4102,0.07118691504,0.0529403165,0.03912686557,0.07083664834,-0.0183432661,0.01219821442,3.562190771,15689,,,,,,,,,,,,,,,,,,,,,,,,,,,,,,,,,,,,,,,,,,,,,,,,,,,,,,,,,,,,
7200,train,0.151290918,1.515510676e-05,0.05419074371,117964800,744.2105632,9.674681275,158509.978,0.06179938465,0.0445814468,0.03338159621,0.05781313777,-0.0148943672,0.02637516893,2.996880054,13413,,,,,,,,,,,,,,,,,,,,,,,,,,,,,,,,,,,,,,,,,,,,,,,,,,,,,,,,,,,,
7250,train,0.1510146692,1.503955369e-05,0.03995542973,118784000,748.4854574,9.686226938,158699.1421,0.0661002472,0.04586005956,0.03462935239,0.05405148119,-0.0151739819,0.02202464826,3.141608715,15193,,,,,,,,,,,,,,,,,,,,,,,,,,,,,,,,,,,,,,,,,,,,,,,,,,,,,,,,,,,,
7300,train,0.1503929137,1.500001521e-05,0.04519881308,119603200,752.7609718,9.697633477,158886.0269,0.05518220738,0.04056220874,0.03001648746,0.05629188567,-0.01403765753,0.03757446632,2.742572546,13016,,,,,,,,,,,,,,,,,,,,,,,,,,,,,,,,,,,,,,,,,,,,,,,,,,,,,,,,,,,,
7300,eval,0.1503929137,1.500001521e-05,,119603200,752.7647018,,,,,,,,,,,2.322234331,3.350275953,0.2467232926,0.1056847561,0.1479812455,0.1935738936,0.25,0.1484588441,0.2780791689,369353,2.322234331,1.008125925,0.09636861687,0.1046114345,1,9.559184472,True,0.4561696637,0.8242599899,0.3786685883,0.2149094633,0.7245249063,0.6121204867,-0.4394009701,-0.5,-0.5,0.5495006126,0.3751374044,0.1994769244,0.133378928,0.05468187899,0.2769613457,0.3355009229,1.008125925,4.308515625,0.45072,4.440566887,1.973114757,0.031640625,0.762275,86.1703125,9.0144,0,0.2377351828,75.0625,41.196,16,0,0,18.29116154,,,,,,,,,,
7300,test,,,,,,,,,,,,,,,,,,,,,,,,,,,0,0,0.1190044349,1,8.403048178,True,0.2306780116,0.7275676647,0.4313958485,0.2174786677,0.6008073783,0.5241985722,-0.5,-0.5,-0.5,0.2392678353,0.1931342041,0.1994769244,0.133378928,0.05468187899,0.2769613457,0.3355009229,0,3.787421875,0.45072,3.924349611,1.973114757,0.03484375,0.762275,75.7484375,9.0144,0.000709331652,0.2377351828,74.3125,41.196,16,0,0,18.17440867,2.228621834,3.215221667,0.2468544038,0.0723319142,0.1118810585,0.1830092158,0.25,0.1487069134,0.2378814574,363487
