step,split,train_loss,lr,grad_norm,tokens_seen,time_s,steps_per_s,tokens_per_s,val_nll,val_ppl,val_bpt,val_bits_per_token,val_token_acc,val_note_acc,val_shift_acc,val_n_tokens,val_n_steps,val_loss,gen_gen_score,gen_oa_weighted,gen_pen_density,gen_pen_loop,gen_density_ratio,gen_calibrated,gen_oa_pitch_hist,gen_oa_pitch_class,gen_oa_poly_hist,gen_oa_ioi_hist,gen_oa_interval_hist,gen_oa_harm_hist,gen_z_pitch_hist,gen_z_poly_hist,gen_z_ioi_hist,gen_z_interval_hist,gen_z_harm_hist,gen_w_pitch_hist,gen_w_poly_hist,gen_w_ioi_hist,gen_w_interval_hist,gen_w_harm_hist,gen_score,gen_density,ref_density,gen_mean_poly,ref_mean_poly,gen_empty_ratio,ref_empty_ratio,gen_notes_per_sec,ref_notes_per_sec,gen_repeat8,ref_repeat8,gen_n_distinct_pitch,ref_n_distinct_pitch,gen_n_pieces,gen_grammar_violation,gen_grammar_prob_mass,gen_seconds,test_nll,test_ppl,test_bpt,test_bits_per_token,test_token_acc,test_note_acc,test_shift_acc,test_n_tokens,test_n_steps
50,train,4.254628963,2.5e-05,3.300321579,819200,16.19373202,3.087614389,50587.47414,,,,,,,,,,,,,,,,,,,,,,,,,,,,,,,,,,,,,,,,,,,,,,,,,,,,,,,,,,
100,train,3.488938723,5e-05,2.626202822,1638400,24.40785861,4.097041105,67125.92146,,,,,,,,,,,,,,,,,,,,,,,,,,,,,,,,,,,,,,,,,,,,,,,,,,,,,,,,,,
150,train,3.306883583,7.5e-05,2.008318901,2457600,32.62821484,4.597248141,75321.31354,,,,,,,,,,,,,,,,,,,,,,,,,,,,,,,,,,,,,,,,,,,,,,,,,,,,,,,,,,
200,train,3.199616261,0.0001,1.644895434,3276800,40.84655952,4.896373215,80222.17876,,,,,,,,,,,,,,,,,,,,,,,,,,,,,,,,,,,,,,,,,,,,,,,,,,,,,,,,,,
250,train,3.129140506,0.000125,1.407436609,4096000,49.06313515,5.095475437,83484.26956,,,,,,,,,,,,,,,,,,,,,,,,,,,,,,,,,,,,,,,,,,,,,,,,,,,,,,,,,,
300,train,3.103732572,0.00015,1.119356871,4915200,57.28796721,5.236701783,85798.12201,,,,,,,,,,,,,,,,,,,,,,,,,,,,,,,,,,,,,,,,,,,,,,,,,,,,,,,,,,
350,train,3.071751833,0.000175,1.267150879,5734400,65.51350427,5.342409995,87530.04536,,,,,,,,,,,,,,,,,,,,,,,,,,,,,,,,,,,,,,,,,,,,,,,,,,,,,,,,,,
400,train,3.0731884,0.0002,1.130144715,6553600,73.73217034,5.425040361,88883.86127,,,,,,,,,,,,,,,,,,,,,,,,,,,,,,,,,,,,,,,,,,,,,,,,,,,,,,,,,,
450,train,3.052195878,0.000225,0.9332244396,7372800,81.95626116,5.490733638,89960.17993,,,,,,,,,,,,,,,,,,,,,,,,,,,,,,,,,,,,,,,,,,,,,,,,,,,,,,,,,,
500,train,3.038766494,0.00025,1.118388295,8192000,90.18659735,5.544061032,90833.89596,,,,,,,,,,,,,,,,,,,,,,,,,,,,,,,,,,,,,,,,,,,,,,,,,,,,,,,,,,
550,train,3.022784228,0.000275,0.8496419191,9011200,98.40704179,5.589030927,91570.68271,,,,,,,,,,,,,,,,,,,,,,,,,,,,,,,,,,,,,,,,,,,,,,,,,,,,,,,,,,
600,train,3.003941622,0.0003,0.9782543778,9830400,106.6330378,5.626773956,92189.0645,,,,,,,,,,,,,,,,,,,,,,,,,,,,,,,,,,,,,,,,,,,,,,,,,,,,,,,,,,
650,train,2.971798835,0.0002999623896,0.9781152606,10649600,114.8501344,5.659549321,92726.05607,,,,,,,,,,,,,,,,,,,,,,,,,,,,,,,,,,,,,,,,,,,,,,,,,,,,,,,,,,
700,train,2.934591699,0.0002998464933,1.089979053,11468800,123.0653622,5.688034288,93192.75378,,,,,,,,,,,,,,,,,,,,,,,,,,,,,,,,,,,,,,,,,,,,,,,,,,,,,,,,,,
700,eval,2.934591699,0.0002998464933,,11468800,123.0700772,,,2.915890131,18.46524157,2.920918932,4.206740232,0.2045986682,0.1661773391,0.2765992945,361322,520380,2.915890131,,,,,,,,,,,,,,,,,,,,,,,,,,,,,,,,,,,,,,,,,,,,,,,,
750,train,2.914031467,0.0002996523591,1.167531013,12288000,135.0214911,5.554671291,91007.73443,,,,,,,,,,,,,,,,,,,,,,,,,,,,,,,,,,,,,,,,,,,,,,,,,,,,,,,,,,
800,train,2.870603557,0.0002993800937,0.71702981,13107200,143.2419896,5.584954539,91503.89516,,,,,,,,,,,,,,,,,,,,,,,,,,,,,,,,,,,,,,,,,,,,,,,,,,,,,,,,,,
850,train,2.864679832,0.0002990298468,0.8687237501,13926400,151.472579,5.611576733,91940.07319,,,,,,,,,,,,,,,,,,,,,,,,,,,,,,,,,,,,,,,,,,,,,,,,,,,,,,,,,,
900,train,2.820503836,0.0002986018109,0.9807200432,14745600,159.7014885,5.635514161,92332.26402,,,,,,,,,,,,,,,,,,,,,,,,,,,,,,,,,,,,,,,,,,,,,,,,,,,,,,,,,,
950,train,2.791517272,0.0002980962213,0.9253461361,15564800,167.9290385,5.657151427,92686.76899,,,,,,,,,,,,,,,,,,,,,,,,,,,,,,,,,,,,,,,,,,,,,,,,,,,,,,,,,,
1000,train,2.817839508,0.0002975133558,1.00516808,16384000,176.1558247,5.676792135,93008.56234,,,,,,,,,,,,,,,,,,,,,,,,,,,,,,,,,,,,,,,,,,,,,,,,,,,,,,,,,,
1050,train,2.763346424,0.0002968535347,0.8269501925,17203200,184.3760698,5.694882211,93304.95015,,,,,,,,,,,,,,,,,,,,,,,,,,,,,,,,,,,,,,,,,,,,,,,,,,,,,,,,,,
1100,train,2.734641647,0.0002961171208,1.109157562,18022400,192.6047924,5.711176687,93571.91885,,,,,,,,,,,,,,,,,,,,,,,,,,,,,,,,,,,,,,,,,,,,,,,,,,,,,,,,,,
1150,train,2.719732003,0.0002953045188,0.9937217236,18841600,200.8329382,5.726152345,93817.28002,,,,,,,,,,,,,,,,,,,,,,,,,,,,,,,,,,,,,,,,,,,,,,,,,,,,,,,,,,
1200,train,2.700685897,0.0002944161754,0.9603167772,19660800,209.0567353,5.740068591,94045.2838,,,,,,,,,,,,,,,,,,,,,,,,,,,,,,,,,,,,,,,,,,,,,,,,,,,,,,,,,,
1250,train,2.69323184,0.0002934525787,0.867343843,20480000,217.2903399,5.752671749,94251.77394,,,,,,,,,,,,,,,,,,,,,,,,,,,,,,,,,,,,,,,,,,,,,,,,,,,,,,,,,,
1300,train,2.652535291,0.0002924142585,0.8266496062,21299200,225.5202978,5.76444787,94444.7139,,,,,,,,,,,,,,,,,,,,,,,,,,,,,,,,,,,,,,,,,,,,,,,,,,,,,,,,,,
1350,train,2.649773054,0.0002913017853,0.8709570169,22118400,233.7389891,5.775673135,94628.62864,,,,,,,,,,,,,,,,,,,,,,,,,,,,,,,,,,,,,,,,,,,,,,,,,,,,,,,,,,
1400,train,2.620752172,0.0002901157707,0.8393265605,22937600,241.9687481,5.785871155,94795.713,,,,,,,,,,,,,,,,,,,,,,,,,,,,,,,,,,,,,,,,,,,,,,,,,,,,,,,,,,
1400,eval,2.620752172,0.0002901157707,,22937600,241.9734473,,,2.578978155,13.18365962,2.583425911,3.720678995,0.2691200647,0.2342186551,0.3343105476,361322,520380,2.578978155,,,,,,,,,,,,,,,,,,,,,,,,,,,,,,,,,,,,,,,,,,,,,,,,
1450,train,2.576412549,0.0002888568666,0.825414598,23756800,253.7341199,5.714643346,93628.71659,,,,,,,,,,,,,,,,,,,,,,,,,,,,,,,,,,,,,,,,,,,,,,,,,,,,,,,,,,
1500,train,2.552346034,0.0002875257647,0.8749736547,24576000,261.9666495,5.725919703,93813.46841,,,,,,,,,,,,,,,,,,,,,,,,,,,,,,,,,,,,,,,,,,,,,,,,,,,,,,,,,,
1550,train,2.52519526,0.0002861231969,0.8413909674,25395200,270.203011,5.736427563,93985.62919,,,,,,,,,,,,,,,,,,,,,,,,,,,,,,,,,,,,,,,,,,,,,,,,,,,,,,,,,,
1600,train,2.508356662,0.0002846499339,0.7275462151,26214400,278.4350522,5.746402932,94149.06563,,,,,,,,,,,,,,,,,,,,,,,,,,,,,,,,,,,,,,,,,,,,,,,,,,,,,,,,,,
1650,train,2.475417118,0.0002831067855,0.8364510536,27033600,286.6698174,5.755750691,94302.21933,,,,,,,,,,,,,,,,,,,,,,,,,,,,,,,,,,,,,,,,,,,,,,,,,,,,,,,,,,
1700,train,2.458433738,0.0002814945999,0.7190107703,27852800,294.8967369,5.764729777,94449.33266,,,,,,,,,,,,,,,,,,,,,,,,,,,,,,,,,,,,,,,,,,,,,,,,,,,,,,,,,,
1750,train,2.431903954,0.0002798142632,0.7148917913,28672000,303.1312199,5.773077418,94586.10041,,,,,,,,,,,,,,,,,,,,,,,,,,,,,,,,,,,,,,,,,,,,,,,,,,,,,,,,,,
1800,train,2.407242846,0.0002780666989,0.7544148564,29491200,311.3678691,5.78094331,94714.97519,,,,,,,,,,,,,,,,,,,,,,,,,,,,,,,,,,,,,,,,,,,,,,,,,,,,,,,,,,
1850,train,2.396875529,0.0002762528676,0.8333153725,30310400,319.60338,5.788424391,94837.54522,,,,,,,,,,,,,,,,,,,,,,,,,,,,,,,,,,,,,,,,,,,,,,,,,,,,,,,,,,
1900,train,2.378848996,0.0002743737661,0.6882144213,31129600,327.8584266,5.795184281,94948.29926,,,,,,,,,,,,,,,,,,,,,,,,,,,,,,,,,,,,,,,,,,,,,,,,,,,,,,,,,,
1950,train,2.342984266,0.0002724304274,0.8037652373,31948800,336.1313803,5.801303044,95048.54908,,,,,,,,,,,,,,,,,,,,,,,,,,,,,,,,,,,,,,,,,,,,,,,,,,,,,,,,,,
2000,train,2.353641558,0.0002704239194,0.7930805087,32768000,344.3690815,5.807722317,95153.72245,,,,,,,,,,,,,,,,,,,,,,,,,,,,,,,,,,,,,,,,,,,,,,,,,,,,,,,,,,
2050,train,2.315483737,0.0002683553451,0.865601778,33587200,352.5757692,5.814353053,95262.36042,,,,,,,,,,,,,,,,,,,,,,,,,,,,,,,,,,,,,,,,,,,,,,,,,,,,,,,,,,
2100,train,2.293186536,0.0002662258415,0.696483016,34406400,360.8037601,5.820338457,95360.42528,,,,,,,,,,,,,,,,,,,,,,,,,,,,,,,,,,,,,,,,,,,,,,,,,,,,,,,,,,
2100,eval,2.293186536,0.0002662258415,,34406400,360.8082373,,,2.264209635,9.623515509,2.268114536,3.266564013,0.358007539,0.346626614,0.3792226777,361322,520380,2.264209635,58.98046248,0.7726101575,0.8700370985,0.8774249685,1.149376276,True,0.7400002319,0.8078881812,0.9378134757,0.8575815855,0.7723268439,0.8657645927,0.5487927976,1.009309931,0.7518525687,0.6693682505,0.9001946589,0.1994769244,0.133378928,0.05468187899,0.2769613457,0.3355009229,58.98046248,0.518046875,0.45072,2.20066694,1.973114757,0.75421875,0.762275,10.3609375,9.0144,0.2990226986,0.2377351828,31.5625,41.196,16,0,0.00432890054,419.3505177,,,,,,,,,
2150,train,2.288840303,0.0002640365788,0.7985809445,35225600,793.1667597,2.710653181,44411.34171,,,,,,,,,,,,,,,,,,,,,,,,,,,,,,,,,,,,,,,,,,,,,,,,,,,,,,,,,,
2200,train,2.291173062,0.0002617887605,0.8028303981,36044800,801.4442961,2.745044179,44974.80383,,,,,,,,,,,,,,,,,,,,,,,,,,,,,,,,,,,,,,,,,,,,,,,,,,,,,,,,,,
2250,train,2.251030235,0.0002594836219,0.7350105047,36864000,809.7296815,2.778705105,45526.30445,,,,,,,,,,,,,,,,,,,,,,,,,,,,,,,,,,,,,,,,,,,,,,,,,,,,,,,,,,
2300,train,2.22291019,0.0002571224302,0.7294505835,37683200,818.0216212,2.811661624,46066.26405,,,,,,,,,,,,,,,,,,,,,,,,,,,,,,,,,,,,,,,,,,,,,,,,,,,,,,,,,,
2350,train,2.224737582,0.000254706483,0.7289975882,38502400,826.3118904,2.843962464,46595.48102,,,,,,,,,,,,,,,,,,,,,,,,,,,,,,,,,,,,,,,,,,,,,,,,,,,,,,,,,,
2400,train,2.215071144,0.0002522371081,0.6290826201,39321600,834.6010492,2.875625429,47114.24703,,,,,,,,,,,,,,,,,,,,,,,,,,,,,,,,,,,,,,,,,,,,,,,,,,,,,,,,,,
2450,train,2.184023011,0.000249715663,0.714430213,40140800,842.8945343,2.906650714,47622.5653,,,,,,,,,,,,,,,,,,,,,,,,,,,,,,,,,,,,,,,,,,,,,,,,,,,,,,,,,,
2500,train,2.205218329,0.0002471435334,0.6476535797,40960000,851.1886475,2.937069247,48120.94254,,,,,,,,,,,,,,,,,,,,,,,,,,,,,,,,,,,,,,,,,,,,,,,,,,,,,,,,,,
2550,train,2.176248589,0.000244522133,0.6290249825,41779200,859.4835973,2.966897807,48609.65367,,,,,,,,,,,,,,,,,,,,,,,,,,,,,,,,,,,,,,,,,,,,,,,,,,,,,,,,,,
2600,train,2.169489384,0.0002418529027,0.6337397099,42598400,867.7818408,2.996144743,49088.83546,,,,,,,,,,,,,,,,,,,,,,,,,,,,,,,,,,,,,,,,,,,,,,,,,,,,,,,,,,
2650,train,2.155121841,0.0002391373095,0.6381551623,43417600,876.0772126,3.024847539,49559.10207,,,,,,,,,,,,,,,,,,,,,,,,,,,,,,,,,,,,,,,,,,,,,,,,,,,,,,,,,,
2700,train,2.158330686,0.000236376846,0.6467095613,44236800,884.3742957,3.053005965,50020.44973,,,,,,,,,,,,,,,,,,,,,,,,,,,,,,,,,,,,,,,,,,,,,,,,,,,,,,,,,,
2750,train,2.130322149,0.0002335730295,0.6290597916,45056000,892.6737101,3.0806329,50473.08943,,,,,,,,,,,,,,,,,,,,,,,,,,,,,,,,,,,,,,,,,,,,,,,,,,,,,,,,,,
2800,train,2.11323082,0.0002307274009,0.6009055376,45875200,900.9722552,3.107753856,50917.43917,,,,,,,,,,,,,,,,,,,,,,,,,,,,,,,,,,,,,,,,,,,,,,,,,,,,,,,,,,
2800,eval,2.11323082,0.0002307274009,,45875200,900.976918,,,2.079120698,7.997433662,2.08270639,2.99953712,0.4117324713,0.4146764277,0.4061556551,361322,520380,2.079120698,,,,,,,,,,,,,,,,,,,,,,,,,,,,,,,,,,,,,,,,,,,,,,,,
2850,train,2.114324298,0.0002278415244,0.6066443324,46694400,913.7380936,3.11905569,51102.60842,,,,,,,,,,,,,,,,,,,,,,,,,,,,,,,,,,,,,,,,,,,,,,,,,,,,,,,,,,
2900,train,2.102263019,0.0002249169861,0.6285151243,47513600,922.0266271,3.145245392,51531.7005,,,,,,,,,,,,,,,,,,,,,,,,,,,,,,,,,,,,,,,,,,,,,,,,,,,,,,,,,,
2950,train,2.113513718,0.0002219553934,0.6210876107,48332800,930.3264275,3.170930023,51952.5175,,,,,,,,,,,,,,,,,,,,,,,,,,,,,,,,,,,,,,,,,,,,,,,,,,,,,,,,,,
3000,train,2.105872772,0.0002189583741,0.6125720739,49152000,938.6276183,3.196155687,52365.81477,,,,,,,,,,,,,,,,,,,,,,,,,,,,,,,,,,,,,,,,,,,,,,,,,,,,,,,,,,
3050,train,2.068862548,0.0002159275755,0.6476274729,49971200,946.9252365,3.220951225,52772.06486,,,,,,,,,,,,,,,,,,,,,,,,,,,,,,,,,,,,,,,,,,,,,,,,,,,,,,,,,,
3100,train,2.063193781,0.0002128646633,0.599375844,50790400,955.2245569,3.245310202,53171.16235,,,,,,,,,,,,,,,,,,,,,,,,,,,,,,,,,,,,,,,,,,,,,,,,,,,,,,,,,,
3150,train,2.068680892,0.000209771321,0.610029459,51609600,963.5264854,3.269240698,53563.2396,,,,,,,,,,,,,,,,,,,,,,,,,,,,,,,,,,,,,,,,,,,,,,,,,,,,,,,,,,
3200,train,2.061945345,0.0002066492489,0.6046977043,52428800,971.8278546,3.292764233,53948.64919,,,,,,,,,,,,,,,,,,,,,,,,,,,,,,,,,,,,,,,,,,,,,,,,,,,,,,,,,,
3250,train,2.07889353,0.0002035001629,0.6180641651,53248000,980.1320622,3.315879691,54327.37287,,,,,,,,,,,,,,,,,,,,,,,,,,,,,,,,,,,,,,,,,,,,,,,,,,,,,,,,,,
3300,train,2.080988801,0.0002003257938,0.5624164343,54067200,988.4376919,3.338601944,54699.65425,,,,,,,,,,,,,,,,,,,,,,,,,,,,,,,,,,,,,,,,,,,,,,,,,,,,,,,,,,
3350,train,2.037205276,0.0001971278864,0.6665390134,54886400,996.7405367,3.360954909,55065.88523,,,,,,,,,,,,,,,,,,,,,,,,,,,,,,,,,,,,,,,,,,,,,,,,,,,,,,,,,,
3400,train,2.034586661,0.0001939081983,0.6656305194,55705600,1005.0428,3.382940508,55426.09728,,,,,,,,,,,,,,,,,,,,,,,,,,,,,,,,,,,,,,,,,,,,,,,,,,,,,,,,,,
3450,train,2.022492373,0.0001906684992,0.6012266874,56524800,1013.34373,3.404570334,55780.48035,,,,,,,,,,,,,,,,,,,,,,,,,,,,,,,,,,,,,,,,,,,,,,,,,,,,,,,,,,
3500,train,2.017344882,0.0001874105697,0.6057058573,57344000,1021.644924,3.425847785,56129.09011,,,,,,,,,,,,,,,,,,,,,,,,,,,,,,,,,,,,,,,,,,,,,,,,,,,,,,,,,,
3500,eval,2.017344882,0.0001874105697,,57344000,1021.649901,,,1.986969887,7.29340042,1.990396655,2.866591603,0.4355865405,0.4440828189,0.4194950265,361322,520380,1.986969887,,,,,,,,,,,,,,,,,,,,,,,,,,,,,,,,,,,,,,,,,,,,,,,,
3550,train,2.013862095,0.0001841362005,0.5792583227,58163200,1033.594549,3.434615638,56272.74261,,,,,,,,,,,,,,,,,,,,,,,,,,,,,,,,,,,,,,,,,,,,,,,,,,,,,,,,,,
3600,train,1.991374822,0.0001808471912,0.5747885704,58982400,1041.885972,3.455272552,56611.1855,,,,,,,,,,,,,,,,,,,,,,,,,,,,,,,,,,,,,,,,,,,,,,,,,,,,,,,,,,
3650,train,1.995608017,0.0001775453496,0.5377399325,59801600,1050.186484,3.4755732,56943.79131,,,,,,,,,,,,,,,,,,,,,,,,,,,,,,,,,,,,,,,,,,,,,,,,,,,,,,,,,,
3700,train,2.002031739,0.0001742324904,0.5568346977,60620800,1058.491082,3.495541968,57270.95961,,,,,,,,,,,,,,,,,,,,,,,,,,,,,,,,,,,,,,,,,,,,,,,,,,,,,,,,,,
3750,train,1.997688127,0.0001709104346,0.6138603091,61440000,1066.790061,3.515218352,57593.33748,,,,,,,,,,,,,,,,,,,,,,,,,,,,,,,,,,,,,,,,,,,,,,,,,,,,,,,,,,
3800,train,2.009400218,0.0001675810081,0.5232788324,62259200,1075.088412,3.534593023,57910.7721,,,,,,,,,,,,,,,,,,,,,,,,,,,,,,,,,,,,,,,,,,,,,,,,,,,,,,,,,,
3850,train,1.99566483,0.0001642460407,0.5516158938,63078400,1083.388995,3.553663565,58223.22385,,,,,,,,,,,,,,,,,,,,,,,,,,,,,,,,,,,,,,,,,,,,,,,,,,,,,,,,,,
3900,train,2.008206892,0.0001609073655,0.5669026971,63897600,1091.69008,3.572442465,58530.89734,,,,,,,,,,,,,,,,,,,,,,,,,,,,,,,,,,,,,,,,,,,,,,,,,,,,,,,,,,
3950,train,1.966614921,0.0001575668175,0.5815985799,64716800,1099.995137,3.590924965,58833.71463,,,,,,,,,,,,,,,,,,,,,,,,,,,,,,,,,,,,,,,,,,,,,,,,,,,,,,,,,,
4000,train,1.969875956,0.0001542262327,0.5433464646,65536000,1108.301769,3.609125343,59131.90961,,,,,,,,,,,,,,,,,,,,,,,,,,,,,,,,,,,,,,,,,,,,,,,,,,,,,,,,,,
4050,train,1.995223839,0.0001508874473,0.56217134,66355200,1116.605357,3.627064811,59425.82987,,,,,,,,,,,,,,,,,,,,,,,,,,,,,,,,,,,,,,,,,,,,,,,,,,,,,,,,,,
4100,train,1.980524914,0.0001475522964,0.5632323027,67174400,1124.909646,3.644737172,59715.37382,,,,,,,,,,,,,,,,,,,,,,,,,,,,,,,,,,,,,,,,,,,,,,,,,,,,,,,,,,
4150,train,1.962894924,0.0001442226131,0.5419971347,67993600,1133.213132,3.662153113,60000.71661,,,,,,,,,,,,,,,,,,,,,,,,,,,,,,,,,,,,,,,,,,,,,,,,,,,,,,,,,,
4200,train,1.953045399,0.0001409002273,0.6549936533,68812800,1141.516758,3.679315237,60281.90084,,,,,,,,,,,,,,,,,,,,,,,,,,,,,,,,,,,,,,,,,,,,,,,,,,,,,,,,,,
4200,eval,1.953045399,0.0001409002273,,68812800,1141.521354,,,1.926973459,6.868690381,1.930296756,2.780035054,0.4513038232,0.4612779735,0.4325245495,361322,520380,1.926973459,28.9443602,0.6819135788,0.6413803224,0.6617881463,1.559137325,True,0.689674146,0.7594999838,0.897911763,0.8882843857,0.7421058779,0.8249189408,0.3735758546,0.8015413269,1.141803682,0.5935864727,0.8156419122,0.1994769244,0.133378928,0.05468187899,0.2769613457,0.3355009229,28.9443602,0.702734375,0.45072,2.617645446,1.973114757,0.690078125,0.762275,14.0546875,9.0144,0.4068411097,0.2377351828,26.875,41.196,16,0,0.0009419181177,269.4802225,,,,,,,,,
4250,train,1.997004361,0.0001375869654,0.5643056631,69632000,1423.903131,2.984753604,48902.20304,,,,,,,,,,,,,,,,,,,,,,,,,,,,,,,,,,,,,,,,,,,,,,,,,,,,,,,,,,
4300,train,1.940940199,0.0001342846482,0.5652654767,70451200,1432.179357,3.002417245,49191.60415,,,,,,,,,,,,,,,,,,,,,,,,,,,,,,,,,,,,,,,,,,,,,,,,,,,,,,,,,,
4350,train,1.945607839,0.0001309950908,0.6027879119,71270400,1440.535691,3.019709979,49474.9283,,,,,,,,,,,,,,,,,,,,,,,,,,,,,,,,,,,,,,,,,,,,,,,,,,,,,,,,,,
4400,train,1.921244287,0.0001277201014,0.5607771277,72089600,1448.881076,3.036826191,49755.36031,,,,,,,,,,,,,,,,,,,,,,,,,,,,,,,,,,,,,,,,,,,,,,,,,,,,,,,,,,
4450,train,1.937948039,0.0001244614798,0.5747134089,72908800,1457.182649,3.053838174,50034.08465,,,,,,,,,,,,,,,,,,,,,,,,,,,,,,,,,,,,,,,,,,,,,,,,,,,,,,,,,,
4500,train,1.93356477,0.0001212210173,0.5556633472,73728000,1465.486565,3.07065251,50309.57073,,,,,,,,,,,,,,,,,,,,,,,,,,,,,,,,,,,,,,,,,,,,,,,,,,,,,,,,,,
4550,train,1.923222456,0.0001180004947,0.5454590917,74547200,1473.789016,3.087280438,50582.0027,,,,,,,,,,,,,,,,,,,,,,,,,,,,,,,,,,,,,,,,,,,,,,,,,,,,,,,,,,
4600,train,1.952701471,0.0001148016822,0.5708754659,75366400,1482.092715,3.103719459,50851.33961,,,,,,,,,,,,,,,,,,,,,,,,,,,,,,,,,,,,,,,,,,,,,,,,,,,,,,,,,,
4650,train,1.937692516,0.000111626338,0.5196969509,76185600,1490.393956,3.119980447,51117.75964,,,,,,,,,,,,,,,,,,,,,,,,,,,,,,,,,,,,,,,,,,,,,,,,,,,,,,,,,,
4700,train,1.943776836,0.0001084762074,0.6123040318,77004800,1498.695251,3.136061183,51381.22642,,,,,,,,,,,,,,,,,,,,,,,,,,,,,,,,,,,,,,,,,,,,,,,,,,,,,,,,,,
4750,train,1.92441499,0.0001053530216,0.6229859591,77824000,1506.997167,3.151963457,51641.76927,,,,,,,,,,,,,,,,,,,,,,,,,,,,,,,,,,,,,,,,,,,,,,,,,,,,,,,,,,
4800,train,1.937626987,0.0001022584974,0.5719333887,78643200,1515.29893,3.167691804,51899.46251,,,,,,,,,,,,,,,,,,,,,,,,,,,,,,,,,,,,,,,,,,,,,,,,,,,,,,,,,,
4850,train,1.923372378,9.91943356e-05,0.5729876757,79462400,1523.603046,3.183243833,52154.26695,,,,,,,,,,,,,,,,,,,,,,,,,,,,,,,,,,,,,,,,,,,,,,,,,,,,,,,,,,
4900,train,1.904142408,9.61622203e-05,0.5079820752,80281600,1531.904639,3.198632522,52406.39524,,,,,,,,,,,,,,,,,,,,,,,,,,,,,,,,,,,,,,,,,,,,,,,,,,,,,,,,,,
4900,eval,1.904142408,9.61622203e-05,,80281600,1531.909385,,,1.883506398,6.576524394,1.88675473,2.71732534,0.4624157953,0.4720276006,0.4442590651,361322,520380,1.883506398,,,,,,,,,,,,,,,,,,,,,,,,,,,,,,,,,,,,,,,,,,,,,,,,
4950,train,1.921442595,9.316381808e-05,0.5605891347,81100800,1543.844955,3.206280517,52531.69999,,,,,,,,,,,,,,,,,,,,,,,,,,,,,,,,,,,,,,,,,,,,,,,,,,,,,,,,,,
5000,train,1.929190397,9.020077693e-05,0.6091720462,81920000,1552.139633,3.22135966,52778.75667,,,,,,,,,,,,,,,,,,,,,,,,,,,,,,,,,,,,,,,,,,,,,,,,,,,,,,,,,,
5050,train,1.914259114,8.727472545e-05,0.5246814489,82739200,1560.434849,3.236277377,53023.16854,,,,,,,,,,,,,,,,,,,,,,,,,,,,,,,,,,,,,,,,,,,,,,,,,,,,,,,,,,
5100,train,1.897938521,8.438727186e-05,0.5279403925,83558400,1568.729793,3.251037893,53265.00484,,,,,,,,,,,,,,,,,,,,,,,,,,,,,,,,,,,,,,,,,,,,,,,,,,,,,,,,,,
5150,train,1.902727258,8.154000321e-05,0.5320456624,84377600,1577.027666,3.265637066,53504.19768,,,,,,,,,,,,,,,,,,,,,,,,,,,,,,,,,,,,,,,,,,,,,,,,,,,,,,,,,,
5200,train,1.901339235,7.873448443e-05,0.5381066799,85196800,1585.328213,3.280077878,53740.79595,,,,,,,,,,,,,,,,,,,,,,,,,,,,,,,,,,,,,,,,,,,,,,,,,,,,,,,,,,
5250,train,1.898267329,7.597225753e-05,0.5714855194,86016000,1593.63067,3.294364309,53974.86483,,,,,,,,,,,,,,,,,,,,,,,,,,,,,,,,,,,,,,,,,,,,,,,,,,,,,,,,,,
5300,train,1.902580764,7.32548407e-05,0.569969058,86835200,1601.930171,3.308508758,54206.60749,,,,,,,,,,,,,,,,,,,,,,,,,,,,,,,,,,,,,,,,,,,,,,,,,,,,,,,,,,
5350,train,1.891061678,7.058372753e-05,0.5348902941,87654400,1610.231315,3.32250401,54435.90569,,,,,,,,,,,,,,,,,,,,,,,,,,,,,,,,,,,,,,,,,,,,,,,,,,,,,,,,,,
5400,train,1.882220814,6.796038612e-05,0.5607495904,88473600,1618.528748,3.336363353,54662.97718,,,,,,,,,,,,,,,,,,,,,,,,,,,,,,,,,,,,,,,,,,,,,,,,,,,,,,,,,,
5450,train,1.877796481,6.538625835e-05,0.5270770192,89292800,1626.827438,3.350078731,54887.68993,,,,,,,,,,,,,,,,,,,,,,,,,,,,,,,,,,,,,,,,,,,,,,,,,,,,,,,,,,
5500,train,1.890791557,6.286275904e-05,0.5266577005,90112000,1635.128646,3.363649713,55110.03689,,,,,,,,,,,,,,,,,,,,,,,,,,,,,,,,,,,,,,,,,,,,,,,,,,,,,,,,,,
5550,train,1.890746751,6.039127517e-05,0.6020203829,90931200,1643.427607,3.377088212,55330.21327,,,,,,,,,,,,,,,,,,,,,,,,,,,,,,,,,,,,,,,,,,,,,,,,,,,,,,,,,,
5600,train,1.880560095,5.797316515e-05,0.5729013681,91750400,1651.726004,3.390392829,55548.19611,,,,,,,,,,,,,,,,,,,,,,,,,,,,,,,,,,,,,,,,,,,,,,,,,,,,,,,,,,
5600,eval,1.880560095,5.797316515e-05,,91750400,1651.730787,,,1.85534451,6.393900634,1.858544274,2.676696324,0.4675524878,0.4801131898,0.4438936028,361322,520380,1.85534451,,,,,,,,,,,,,,,,,,,,,,,,,,,,,,,,,,,,,,,,,,,,,,,,
5650,train,1.866670814,5.560975804e-05,0.5635053515,92569600,1663.609658,3.396229382,55643.82219,,,,,,,,,,,,,,,,,,,,,,,,,,,,,,,,,,,,,,,,,,,,,,,,,,,,,,,,,,
5700,train,1.876121361,5.330235285e-05,0.6115686893,93388800,1671.910015,3.409274392,55857.55164,,,,,,,,,,,,,,,,,,,,,,,,,,,,,,,,,,,,,,,,,,,,,,,,,,,,,,,,,,
5750,train,1.915222189,5.105221778e-05,0.5087874532,94208000,1680.21203,3.42218714,56069.1141,,,,,,,,,,,,,,,,,,,,,,,,,,,,,,,,,,,,,,,,,,,,,,,,,,,,,,,,,,
5800,train,1.890404956,4.886058959e-05,0.555439651,95027200,1688.51088,3.434979347,56278.70162,,,,,,,,,,,,,,,,,,,,,,,,,,,,,,,,,,,,,,,,,,,,,,,,,,,,,,,,,,
5850,train,1.848612285,4.672867285e-05,0.5853755474,95846400,1696.816539,3.44763259,56486.01235,,,,,,,,,,,,,,,,,,,,,,,,,,,,,,,,,,,,,,,,,,,,,,,,,,,,,,,,,,
5900,train,1.88353538,4.465763933e-05,0.5349722505,96665600,1705.122399,3.460162158,56691.2968,,,,,,,,,,,,,,,,,,,,,,,,,,,,,,,,,,,,,,,,,,,,,,,,,,,,,,,,,,
5950,train,1.855085871,4.264862733e-05,0.5142971277,97484800,1713.427782,3.472571219,56894.60685,,,,,,,,,,,,,,,,,,,,,,,,,,,,,,,,,,,,,,,,,,,,,,,,,,,,,,,,,,
6000,train,1.891191001,4.070274106e-05,0.5358415246,98304000,1721.735214,3.484856413,57095.88747,,,,,,,,,,,,,,,,,,,,,,,,,,,,,,,,,,,,,,,,,,,,,,,,,,,,,,,,,,
6050,train,1.850703292,3.882105005e-05,0.5871626735,99123200,1730.040329,3.497028306,57295.31176,,,,,,,,,,,,,,,,,,,,,,,,,,,,,,,,,,,,,,,,,,,,,,,,,,,,,,,,,,
6100,train,1.881433058,3.700458853e-05,0.5618397593,99942400,1738.34892,3.509076877,57492.71556,,,,,,,,,,,,,,,,,,,,,,,,,,,,,,,,,,,,,,,,,,,,,,,,,,,,,,,,,,
6150,train,1.843909516,3.525435487e-05,0.6017151475,100761600,1746.655369,3.521015141,57688.31207,,,,,,,,,,,,,,,,,,,,,,,,,,,,,,,,,,,,,,,,,,,,,,,,,,,,,,,,,,
6200,train,1.831255856,3.357131106e-05,0.5806318521,101580800,1754.96219,3.532839645,57882.04474,,,,,,,,,,,,,,,,,,,,,,,,,,,,,,,,,,,,,,,,,,,,,,,,,,,,,,,,,,
6250,train,1.827509606,3.195638214e-05,0.6174507737,102400000,1763.268059,3.544554652,58073.98342,,,,,,,,,,,,,,,,,,,,,,,,,,,,,,,,,,,,,,,,,,,,,,,,,,,,,,,,,,
6300,train,1.870718119,3.041045574e-05,0.5320424438,103219200,1771.574064,3.556159536,58264.11784,,,,,,,,,,,,,,,,,,,,,,,,,,,,,,,,,,,,,,,,,,,,,,,,,,,,,,,,,,
6300,eval,1.870718119,3.041045574e-05,,103219200,1771.578534,,,1.837415666,6.280286909,1.840584509,2.650830469,0.4723653694,0.4849398998,0.4486763911,361322,520380,1.837415666,69.69654262,0.9168667401,0.8418526193,0.9029609079,1.187856374,True,0.8042206403,0.898297905,0.9584534424,0.8784319716,0.8440549627,0.8960369688,0.772384667,1.116782438,1.016669824,0.8492329298,0.9628601431,0.1994769244,0.133378928,0.05468187899,0.2769613457,0.3355009229,69.69654262,0.535390625,0.45072,1.953177401,1.973114757,0.711171875,0.762275,10.7078125,9.0144,0.2862547289,0.2377351828,32.25,41.196,16,0,0.000693024851,335.5880315,,,,,,,,,
6350,train,1.884113927,2.893438153e-05,0.5165219307,104038400,2120.168052,2.995045603,49070.82715,,,,,,,,,,,,,,,,,,,,,,,,,,,,,,,,,,,,,,,,,,,,,,,,,,,,,,,,,,
6400,train,1.876203609,2.752897082e-05,0.5254933834,104857600,2128.448942,3.006884437,49264.79462,,,,,,,,,,,,,,,,,,,,,,,,,,,,,,,,,,,,,,,,,,,,,,,,,,,,,,,,,,
6450,train,1.839596956,2.619499606e-05,0.5578699112,105676800,2136.734682,3.018624659,49457.14642,,,,,,,,,,,,,,,,,,,,,,,,,,,,,,,,,,,,,,,,,,,,,,,,,,,,,,,,,,
6500,train,1.86105336,2.493319043e-05,0.5323839188,106496000,2145.020399,3.030274212,49648.01269,,,,,,,,,,,,,,,,,,,,,,,,,,,,,,,,,,,,,,,,,,,,,,,,,,,,,,,,,,
6550,train,1.846512496,2.374424748e-05,0.4865037799,107315200,2153.307641,3.041831959,49837.37482,,,,,,,,,,,,,,,,,,,,,,,,,,,,,,,,,,,,,,,,,,,,,,,,,,,,,,,,,,
6600,train,1.852047293,2.262882066e-05,0.5948171616,108134400,2161.594361,3.053301822,50025.29704,,,,,,,,,,,,,,,,,,,,,,,,,,,,,,,,,,,,,,,,,,,,,,,,,,,,,,,,,,
6650,train,1.853550062,2.158752307e-05,0.5331705809,108953600,2169.884538,3.064679196,50211.70394,,,,,,,,,,,,,,,,,,,,,,,,,,,,,,,,,,,,,,,,,,,,,,,,,,,,,,,,,,
6700,train,1.853109889,2.062092702e-05,0.4901230037,109772800,2178.176407,3.075967574,50396.65274,,,,,,,,,,,,,,,,,,,,,,,,,,,,,,,,,,,,,,,,,,,,,,,,,,,,,,,,,,
6750,train,1.838148887,1.972956378e-05,0.5533834696,110592000,2186.470758,3.08716683,50580.14135,,,,,,,,,,,,,,,,,,,,,,,,,,,,,,,,,,,,,,,,,,,,,,,,,,,,,,,,,,
6800,train,1.830521202,1.891392328e-05,0.5508776903,111411200,2194.764118,3.098282838,50762.26602,,,,,,,,,,,,,,,,,,,,,,,,,,,,,,,,,,,,,,,,,,,,,,,,,,,,,,,,,,
6850,train,1.837335923,1.817445381e-05,0.5220908523,112230400,2203.062263,3.1093084,50942.90882,,,,,,,,,,,,,,,,,,,,,,,,,,,,,,,,,,,,,,,,,,,,,,,,,,,,,,,,,,
6900,train,1.854022369,1.751156182e-05,0.5456631184,113049600,2211.359716,3.120252192,51122.21191,,,,,,,,,,,,,,,,,,,,,,,,,,,,,,,,,,,,,,,,,,,,,,,,,,,,,,,,,,
6950,train,1.850505788,1.692561163e-05,0.548355341,113868800,2219.655568,3.131116422,51300.21147,,,,,,,,,,,,,,,,,,,,,,,,,,,,,,,,,,,,,,,,,,,,,,,,,,,,,,,,,,
7000,train,1.863732529,1.641692532e-05,0.5612889528,114688000,2227.950387,3.141901202,51476.9093,,,,,,,,,,,,,,,,,,,,,,,,,,,,,,,,,,,,,,,,,,,,,,,,,,,,,,,,,,
7000,eval,1.863732529,1.641692532e-05,,114688000,2227.955391,,,1.826709062,6.213405047,1.829859441,2.635384106,0.4751938714,0.4887468824,0.449669495,361322,520380,1.826709062,,,,,,,,,,,,,,,,,,,,,,,,,,,,,,,,,,,,,,,,,,,,,,,,
7050,train,1.848818204,1.598578247e-05,0.5409647226,115507200,2239.900574,3.147461133,51568.00321,,,,,,,,,,,,,,,,,,,,,,,,,,,,,,,,,,,,,,,,,,,,,,,,,,,,,,,,,,
7100,train,1.842199912,1.563242004e-05,0.5410938263,116326400,2248.201647,3.158079708,51741.97793,,,,,,,,,,,,,,,,,,,,,,,,,,,,,,,,,,,,,,,,,,,,,,,,,,,,,,,,,,
7150,train,1.861231835,1.535703227e-05,0.5365716219,117145600,2256.503669,3.168618823,51914.6508,,,,,,,,,,,,,,,,,,,,,,,,,,,,,,,,,,,,,,,,,,,,,,,,,,,,,,,,,,
7200,train,1.884745421,1.51597705e-05,0.5366781354,117964800,2264.803224,3.179084136,52086.11449,,,,,,,,,,,,,,,,,,,,,,,,,,,,,,,,,,,,,,,,,,,,,,,,,,,,,,,,,,
7250,train,1.829153185,1.504074316e-05,0.5256026387,118784000,2273.100966,3.18947557,52256.36774,,,,,,,,,,,,,,,,,,,,,,,,,,,,,,,,,,,,,,,,,,,,,,,,,,,,,,,,,,
7300,train,1.855104957,1.500001567e-05,0.5991914868,119603200,2281.398766,3.199791333,52425.3812,,,,,,,,,,,,,,,,,,,,,,,,,,,,,,,,,,,,,,,,,,,,,,,,,,,,,,,,,,
7300,eval,1.855104957,1.500001567e-05,,119603200,2281.403543,,,1.824410499,6.199139544,1.827556913,2.63206798,0.4761680717,0.4899790531,0.4501700194,361322,520380,1.824410499,70.6318942,0.8464382858,0.8993321902,0.9278663304,1.11193618,True,0.8121178921,0.8911636748,0.9457412329,0.8181825687,0.8293432907,0.8744049242,0.7998799963,1.050589839,0.2514522672,0.8123420951,0.9180806205,0.1994769244,0.133378928,0.05468187899,0.2769613457,0.3355009229,70.6318942,0.501171875,0.45072,2.049288663,1.973114757,0.750625,0.762275,10.0234375,9.0144,0.2738020177,0.2377351828,33.125,41.196,16,0,0.0008174296792,85.80723071,,,,,,,,,
7300,test,,,,,,,,,,,,,,,,,,61.846719,0.802035518,0.8855281658,0.8708045397,1.129269558,True,0.8159101982,0.8880866592,0.9220060949,0.8148585281,0.849048167,0.8140325436,0.8130834129,0.9270007462,0.2092341858,0.8617538366,0.7931064711,0.1994769244,0.133378928,0.05468187899,0.2769613457,0.3355009229,61.846719,0.508984375,0.45072,2.270011025,1.973114757,0.77046875,0.762275,10.1796875,9.0144,0.302332913,0.2377351828,29.5,41.196,16,0,0.0007368720925,75.22829485,1.843040375,6.315711229,1.809939541,2.658945209,0.4730439841,0.4800808099,0.4602184581,354151,520276
