step,split,train_loss,lr,grad_norm,tokens_seen,time_s,steps_per_s,tokens_per_s,bce,reg_l1,reg_l2,kl,flux,stop,bits_per_step,n_valid,val_nll,val_bpt,val_frame_precision,val_frame_recall,val_frame_f1,val_frame_f1_best,val_frame_best_threshold,val_frame_precision_best,val_frame_recall_best,val_n_frames,val_loss,gen_gen_score,gen_oa_weighted,gen_pen_density,gen_pen_loop,gen_density_ratio,gen_calibrated,gen_oa_pitch_hist,gen_oa_pitch_class,gen_oa_poly_hist,gen_oa_ioi_hist,gen_oa_interval_hist,gen_oa_harm_hist,gen_z_pitch_hist,gen_z_poly_hist,gen_z_ioi_hist,gen_z_interval_hist,gen_z_harm_hist,gen_w_pitch_hist,gen_w_poly_hist,gen_w_ioi_hist,gen_w_interval_hist,gen_w_harm_hist,gen_score,gen_density,ref_density,gen_mean_poly,ref_mean_poly,gen_empty_ratio,ref_empty_ratio,gen_notes_per_sec,ref_notes_per_sec,gen_repeat8,ref_repeat8,gen_n_distinct_pitch,ref_n_distinct_pitch,gen_n_pieces,gen_grammar_violation,gen_grammar_prob_mass,gen_seconds
50,train,0.2052085218,3e-05,0.1336054951,819200,12.50681996,3.997818802,65500.26325,0.1103670374,0.06136053801,0.04703447223,0.4618188441,-0.01476942655,0.0452500321,4.355192661,13005,,,,,,,,,,,,,,,,,,,,,,,,,,,,,,,,,,,,,,,,,,,,,,,,,,
100,train,0.1963501754,6e-05,0.1158763766,1638400,16.80521202,5.950534862,97493.56319,0.1026471555,0.0580592528,0.04300685972,0.0952969119,-0.01556519512,0.019665014,4.238419533,14636,,,,,,,,,,,,,,,,,,,,,,,,,,,,,,,,,,,,,,,,,,,,,,,,,,
150,train,0.1987175831,9e-05,0.08800130337,2457600,21.10380745,7.107722166,116452.92,0.09628158063,0.0525297001,0.04046974331,0.001163817127,-0.01432105806,0.02621978894,3.946308136,15125,,,,,,,,,,,,,,,,,,,,,,,,,,,,,,,,,,,,,,,,,,,,,,,,,,
200,train,0.1859331918,0.00012,0.1457301974,3276800,25.40449047,7.872623945,128985.0707,0.1053834409,0.05715807155,0.04555906355,0.005693174899,-0.01571393758,0.01896146126,4.305085182,15312,,,,,,,,,,,,,,,,,,,,,,,,,,,,,,,,,,,,,,,,,,,,,,,,,,
250,train,0.1848912868,0.00015,0.105173707,4096000,29.7253921,8.410317991,137794.65,0.09234405309,0.05189070478,0.04087119922,0.01991732977,-0.01521447767,0.01829290763,3.897746801,15766,,,,,,,,,,,,,,,,,,,,,,,,,,,,,,,,,,,,,,,,,,,,,,,,,,
300,train,0.1835342532,0.00018,0.1590981185,4915200,34.03789735,8.81370541,144403.7494,0.08091599494,0.04648711905,0.03456773981,0.01392316353,-0.01557879243,0.05217119306,3.651496172,13574,,,,,,,,,,,,,,,,,,,,,,,,,,,,,,,,,,,,,,,,,,,,,,,,,,
350,train,0.1918955171,0.00021,0.1271895766,5734400,38.34826016,9.126880815,149534.8153,0.1038648114,0.05518039688,0.04477771372,0.02303026989,-0.01509490144,0.03366265073,4.204262257,14759,,,,,,,,,,,,,,,,,,,,,,,,,,,,,,,,,,,,,,,,,,,,,,,,,,
400,train,0.189276289,0.00024,0.08077573776,6553600,42.64758039,9.37919564,153668.7414,0.1020535976,0.05842296407,0.04560828954,0.02151066065,-0.01734367386,0.02595992014,4.350357533,14970,,,,,,,,,,,,,,,,,,,,,,,,,,,,,,,,,,,,,,,,,,,,,,,,,,
450,train,0.1854652062,0.00027,0.1338570565,7372800,46.95883298,9.582861657,157005.6054,0.07858414203,0.04746543244,0.03508520871,0.01543385256,-0.01595719345,0.01763333939,3.605518103,15576,,,,,,,,,,,,,,,,,,,,,,,,,,,,,,,,,,,,,,,,,,,,,,,,,,
500,train,0.1913263211,0.0003,0.163854599,8192000,51.25991035,9.754211364,159812.999,0.08793185651,0.05587031692,0.04104940221,0.05084073544,-0.01900696568,0.0342195034,4.121510029,14537,,,,,,,,,,,,,,,,,,,,,,,,,,,,,,,,,,,,,,,,,,,,,,,,,,
550,train,0.1872519511,0.0002999634876,0.1237515286,9011200,55.55817556,9.899533137,162193.9509,0.09178096056,0.05254189298,0.04164389893,0.032690797,-0.01528847776,0.01836369745,3.876096249,15071,,,,,,,,,,,,,,,,,,,,,,,,,,,,,,,,,,,,,,,,,,,,,,,,,,
600,train,0.1843088362,0.0002998509742,0.0735796392,9830400,59.87022758,10.02167562,164195.1333,0.08763229102,0.04901887849,0.03868930414,0.02246930264,-0.01429305878,0.03245669231,3.685628653,15145,,,,,,,,,,,,,,,,,,,,,,,,,,,,,,,,,,,,,,,,,,,,,,,,,,
650,train,0.1826522112,0.0002996625046,0.07188326865,10649600,64.17489219,10.12857175,165946.5195,0.08241470158,0.04748338461,0.03697434068,0.03884577379,-0.01451678574,0.03614357859,3.56368351,13721,,,,,,,,,,,,,,,,,,,,,,,,,,,,,,,,,,,,,,,,,,,,,,,,,,
700,train,0.1807565518,0.0002993981795,0.1089521125,11468800,68.47872472,10.22215298,167479.7544,0.08049178869,0.04774058238,0.03608112782,0.03286841884,-0.01552881859,0.05295900628,3.61348772,13212,,,,,,,,,,,,,,,,,,,,,,,,,,,,,,,,,,,,,,,,,,,,,,,,,,
700,eval,0.1807565518,0.0002993981795,,11468800,68.48253322,,,,,,,,,,,2.681460358,3.868529561,0,0,0,0.06637923498,0.08,0.0412008391,0.1706905834,369353,2.681460358,,,,,,,,,,,,,,,,,,,,,,,,,,,,,,,,,,,,,,,
750,train,0.1844440523,0.0002990581397,0.1390563846,12288000,78.41879964,9.564033159,156697.1193,0.08817505091,0.05421889201,0.04077648371,0.04952279106,-0.01781516895,0.01091017481,4.032782078,15733,,,,,,,,,,,,,,,,,,,,,,,,,,,,,,,,,,,,,,,,,,,,,,,,,,
800,train,0.180099487,0.0002986425668,0.04465258494,13107200,82.96247435,9.642913936,157989.5019,0.07507842034,0.04492559657,0.03484031558,0.05505545065,-0.01369933411,0.01857838221,3.27618289,14932,,,,,,,,,,,,,,,,,,,,,,,,,,,,,,,,,,,,,,,,,,,,,,,,,,
850,train,0.1800252175,0.0002981516826,0.08415298909,13926400,93.4200902,9.098685285,149072.8597,0.09083625674,0.05798656866,0.04433001205,0.05915044993,-0.01843737252,0.02566777915,4.1186409,15039,,,,,,,,,,,,,,,,,,,,,,,,,,,,,,,,,,,,,,,,,,,,,,,,,,
900,train,0.1789849404,0.0002975857489,0.1140103713,14745600,104.5342982,8.60961441,141059.9225,0.08863657713,0.06113818288,0.04610003158,0.07165316492,-0.02015389316,0.03481167182,4.195951462,14080,,,,,,,,,,,,,,,,,,,,,,,,,,,,,,,,,,,,,,,,,,,,,,,,,,
950,train,0.1787949052,0.0002969450677,0.07187044621,15564800,111.6128411,8.511565429,139453.488,0.09334055334,0.05834549293,0.04461128265,0.08544238657,-0.01854109205,0.03116396628,4.207892895,15404,,,,,,,,,,,,,,,,,,,,,,,,,,,,,,,,,,,,,,,,,,,,,,,,,,
1000,train,0.1720402426,0.0002962299809,0.09375227243,16384000,115.9253848,8.626238352,141332.2892,0.08505251259,0.05067047849,0.03897620365,0.08172199875,-0.01605750807,0.02429621853,3.778580189,14672,,,,,,,,,,,,,,,,,,,,,,,,,,,,,,,,,,,,,,,,,,,,,,,,,,
1050,train,0.1736777753,0.00029544087,0.1899306923,17203200,120.2409284,8.732467504,143072.7476,0.07882579416,0.05291986465,0.0391410999,0.06978512555,-0.01813646592,0.02069438994,3.782526016,15009,,,,,,,,,,,,,,,,,,,,,,,,,,,,,,,,,,,,,,,,,,,,,,,,,,
1100,train,0.178544842,0.0002945781561,0.08889093995,18022400,124.5589514,8.831159767,144689.7216,0.08394137025,0.05499090254,0.0426357761,0.07206980139,-0.01682993025,0.01791370288,3.760540962,14902,,,,,,,,,,,,,,,,,,,,,,,,,,,,,,,,,,,,,,,,,,,,,,,,,,
1150,train,0.1745320141,0.0002936422995,0.1277232915,18841600,128.8780062,8.923167216,146197.1717,0.07074890286,0.04523477331,0.03373452649,0.07458461076,-0.01505793072,0.03161054105,3.293108225,14307,,,,,,,,,,,,,,,,,,,,,,,,,,,,,,,,,,,,,,,,,,,,,,,,,,
1200,train,0.172265476,0.0002926337996,0.2203421742,19660800,133.1838217,9.010103366,147621.5335,0.08273088932,0.04801456258,0.03916996345,0.0607143119,-0.01306095347,0.01143959071,3.400533199,16246,,,,,,,,,,,,,,,,,,,,,,,,,,,,,,,,,,,,,,,,,,,,,,,,,,
1250,train,0.1726909325,0.0002915531945,0.2370867133,20480000,137.4871461,9.091759012,148959.3797,0.08753501624,0.05276337266,0.04271145537,0.07881059498,-0.01444615982,0.01810747199,3.64786315,15307,,,,,,,,,,,,,,,,,,,,,,,,,,,,,,,,,,,,,,,,,,,,,,,,,,
1300,train,0.1793993199,0.0002904010608,0.362713635,21299200,141.8011236,9.167769386,150204.7336,0.07454358786,0.05466218665,0.03842826933,0.07606964558,-0.02057285048,0.02113570087,3.896401882,14610,,,,,,,,,,,,,,,,,,,,,,,,,,,,,,,,,,,,,,,,,,,,,,,,,,
1350,train,0.1727483451,0.0002891780132,0.1700006872,22118400,146.1017509,9.240135674,151390.3829,0.09258084744,0.05894990638,0.04660687968,0.08194802701,-0.01717649773,0.01528566517,4.023829937,15924,,,,,,,,,,,,,,,,,,,,,,,,,,,,,,,,,,,,,,,,,,,,,,,,,,
1400,train,0.1703990906,0.0002878847044,0.06908486038,22937600,150.4046383,9.308223576,152505.9351,0.07457045466,0.04928727448,0.03779929504,0.07160690427,-0.0158330258,0.008642999455,3.433374643,15668,,,,,,,,,,,,,,,,,,,,,,,,,,,,,,,,,,,,,,,,,,,,,,,,,,
1400,eval,0.1703990906,0.0002878847044,,22937600,150.4084764,,,,,,,,,,,2.534501526,3.656512783,0.2341269841,0.0003490483994,0.00069705759,0.09881885974,0.12,0.06590946808,0.1973661636,369353,2.534501526,,,,,,,,,,,,,,,,,,,,,,,,,,,,,,,,,,,,,,,
1450,train,0.1736772183,0.0002865218244,0.0562640056,23756800,168.7666855,8.591743067,140767.1184,0.07650689036,0.04866424575,0.03749034926,0.06413624436,-0.01530042663,0.0343741253,3.449907064,14318,,,,,,,,,,,,,,,,,,,,,,,,,,,,,,,,,,,,,,,,,,,,,,,,,,
1500,train,0.1730927676,0.0002850901005,0.09041331708,24576000,174.9988573,8.571484543,140435.2027,0.08865638822,0.05867414176,0.0455500558,0.08243855089,-0.0182243865,0.01576918177,4.017710686,15954,,,,,,,,,,,,,,,,,,,,,,,,,,,,,,,,,,,,,,,,,,,,,,,,,,
1550,train,0.1666164291,0.0002835902966,0.0656253621,25395200,179.3136051,8.644073602,141624.5019,0.07075063884,0.04375233501,0.03399035707,0.05707574263,-0.01349166594,0.02985955961,3.125339746,13533,,,,,,,,,,,,,,,,,,,,,,,,,,,,,,,,,,,,,,,,,,,,,,,,,,
1600,train,0.1668064061,0.0002820232129,0.07033783197,26214400,183.6206236,8.713618159,142763.9199,0.07902250439,0.05139541253,0.03917036578,0.06858307123,-0.01653067395,0.03297043592,3.627035618,14515,,,,,,,,,,,,,,,,,,,,,,,,,,,,,,,,,,,,,,,,,,,,,,,,,,
1650,train,0.1731207353,0.0002803896857,0.1004105955,27033600,187.9411492,8.779343995,143840.772,0.06604380161,0.04350150004,0.03289081156,0.06090512872,-0.01429044083,0.0105868699,3.07502389,15798,,,,,,,,,,,,,,,,,,,,,,,,,,,,,,,,,,,,,,,,,,,,,,,,,,
1700,train,0.1677211976,0.0002786905865,0.05984210595,27852800,192.2310317,8.843525342,144892.3192,0.06972972304,0.04461381584,0.03437610343,0.056133084,-0.01408183761,0.0246298071,3.152582645,16080,,,,,,,,,,,,,,,,,,,,,,,,,,,,,,,,,,,,,,,,,,,,,,,,,,
1750,train,0.1695926428,0.000276926822,0.1519373208,28672000,196.5140817,8.905214246,145903.0302,0.06979499757,0.04270314798,0.03421486914,0.0578545481,-0.01224778872,0.02338089608,2.97463274,15277,,,,,,,,,,,,,,,,,,,,,,,,,,,,,,,,,,,,,,,,,,,,,,,,,,
1800,train,0.1720930028,0.0002750993333,0.07990965992,29491200,200.8040323,8.963963418,146865.5766,0.06959016621,0.04235278815,0.03323150426,0.05333215743,-0.01292381808,0.02815090492,3.047382832,15503,,,,,,,,,,,,,,,,,,,,,,,,,,,,,,,,,,,,,,,,,,,,,,,,,,
1850,train,0.1727850801,0.0002732090954,0.2370589525,30310400,205.0879865,9.020518617,147792.177,0.09169701487,0.05591675267,0.04519886151,0.06144792587,-0.01566682756,0.02759395912,3.861913681,14444,,,,,,,,,,,,,,,,,,,,,,,,,,,,,,,,,,,,,,,,,,,,,,,,,,
1900,train,0.1690433216,0.0002712571171,0.1438302398,31129600,209.3719778,9.074757854,148680.8327,0.07957246155,0.05096575618,0.040342886,0.06861022115,-0.01513494086,0.04109243676,3.484279156,14503,,,,,,,,,,,,,,,,,,,,,,,,,,,,,,,,,,,,,,,,,,,,,,,,,,
1950,train,0.1710296835,0.0002692444398,0.05964044109,31948800,213.6541371,9.126900261,149535.1339,0.07840801775,0.05238860846,0.04002159089,0.06725043058,-0.01699645072,0.02471267432,3.630976439,14843,,,,,,,,,,,,,,,,,,,,,,,,,,,,,,,,,,,,,,,,,,,,,,,,,,
2000,train,0.1707190263,0.0002671721375,0.1325446963,32768000,217.9389796,9.176880627,150354.0122,0.07034055144,0.04721545428,0.03525213525,0.06323353946,-0.01594385132,0.009574831463,3.347198248,15369,,,,,,,,,,,,,,,,,,,,,,,,,,,,,,,,,,,,,,,,,,,,,,,,,,
2050,train,0.1707406348,0.000265041316,0.04143386334,33587200,222.2406998,9.224233015,151129.8337,0.06705632061,0.04384518042,0.03359239176,0.05930414051,-0.01410756912,0.01194612775,3.069717169,15063,,,,,,,,,,,,,,,,,,,,,,,,,,,,,,,,,,,,,,,,,,,,,,,,,,
2100,train,0.1699961573,0.0002628531121,0.08960489184,34406400,226.5458796,9.269645529,151873.8723,0.08205370605,0.05378003046,0.04092854634,0.06383799016,-0.01744926162,0.02181086317,3.796976566,14219,,,,,,,,,,,,,,,,,,,,,,,,,,,,,,,,,,,,,,,,,,,,,,,,,,
2100,eval,0.1699961573,0.0002628531121,,34406400,226.5497489,,,,,,,,,,,2.423301777,3.496085456,0.2334384858,0.003064526625,0.006049635036,0.1170590386,0.12,0.0785966236,0.2292419734,369353,2.423301777,2.068390856,0.1990693402,0.1039030347,1,9.624357972,True,0.4173490478,0.8776970363,0.3953694882,0.2209742189,0.8276643028,0.6742625071,-0.5,-0.5,-0.5,0.8081318828,0.5037748057,0.1994769244,0.133378928,0.05468187899,0.2769613457,0.3355009229,2.068390856,4.337890625,0.45072,4.464436802,1.973114757,0.028515625,0.762275,86.7578125,9.0144,0,0.2377351828,75.125,41.196,16,0,0,18.22525573
2150,train,0.1664915657,0.0002606086935,0.06875468045,35225600,255.9337831,8.400610401,137635.6008,0.08251023293,0.05548034236,0.04287211597,0.07064761966,-0.01759564504,0.02492660657,3.787026167,14019,,,,,,,,,,,,,,,,,,,,,,,,,,,,,,,,,,,,,,,,,,,,,,,,,,
2200,train,0.1647600433,0.0002583092578,0.09816594422,36044800,260.2204494,8.454370149,138516.4005,0.07248858362,0.0502040945,0.03784814849,0.07318644971,-0.01689550467,0.01225524582,3.470046043,15401,,,,,,,,,,,,,,,,,,,,,,,,,,,,,,,,,,,,,,,,,,,,,,,,,,
2250,train,0.169514412,0.0002559560319,0.1141745523,36864000,264.510828,8.50626803,139366.6954,0.06559748203,0.04054428637,0.03206726909,0.04663076624,-0.01213357504,0.02562013455,2.852974892,14871,,,,,,,,,,,,,,,,,,,,,,,,,,,,,,,,,,,,,,,,,,,,,,,,,,
2300,train,0.1695365772,0.0002535502715,0.04900779948,37683200,268.8032949,8.556442736,140188.7578,0.07038650662,0.04735501483,0.03629315272,0.05731735006,-0.01520960126,0.01688190177,3.255877018,15169,,,,,,,,,,,,,,,,,,,,,,,,,,,,,,,,,,,,,,,,,,,,,,,,,,
2350,train,0.1659464666,0.0002510932602,0.05852345005,38502400,273.1001403,8.604902206,140982.7177,0.07634529471,0.05026297271,0.03850335628,0.06638078392,-0.01623457298,0.03840272129,3.520880699,13252,,,,,,,,,,,,,,,,,,,,,,,,,,,,,,,,,,,,,,,,,,,,,,,,,,
2400,train,0.1674459665,0.0002485863091,0.145866245,39321600,277.3962975,8.651881882,141752.4327,0.08499448746,0.05827508122,0.04571969807,0.06659951806,-0.01795121841,0.01462797076,3.866519928,15030,,,,,,,,,,,,,,,,,,,,,,,,,,,,,,,,,,,,,,,,,,,,,,,,,,
2450,train,0.1662203035,0.0002460307558,0.0656408295,40140800,281.6924391,8.69742904,142498.6774,0.05898254365,0.03836095333,0.02962198667,0.05188505352,-0.01219814364,0.04264057428,2.681386948,12534,,,,,,,,,,,,,,,,,,,,,,,,,,,,,,,,,,,,,,,,,,,,,,,,,,
2500,train,0.1646533561,0.0002434279639,0.06835018843,40960000,285.9888992,8.741598037,143222.3422,0.07482597232,0.04890081659,0.03800629079,0.06434163451,-0.01513719931,0.04597268999,3.370837688,12015,,,,,,,,,,,,,,,,,,,,,,,,,,,,,,,,,,,,,,,,,,,,,,,,,,
2550,train,0.1700001568,0.0002407793222,0.04427303001,41779200,290.2845511,8.784484017,143924.9861,0.07052449137,0.04615187645,0.03564715385,0.05095474795,-0.01453145314,0.03298544511,3.206348658,13591,,,,,,,,,,,,,,,,,,,,,,,,,,,,,,,,,,,,,,,,,,,,,,,,,,
2600,train,0.1674809143,0.000238086244,0.2216928899,42598400,294.5763981,8.82623325,144609.0056,0.06991872936,0.04522772133,0.03625469655,0.05331010371,-0.01298078056,0.02685668692,3.016738653,14992,,,,,,,,,,,,,,,,,,,,,,,,,,,,,,,,,,,,,,,,,,,,,,,,,,
2650,train,0.1668040386,0.0002353501664,0.06708681583,43417600,298.8668299,8.866825406,145274.0674,0.07198353112,0.04651672766,0.03632545471,0.06124922633,-0.01445059292,0.03102981485,3.238366842,14165,,,,,,,,,,,,,,,,,,,,,,,,,,,,,,,,,,,,,,,,,,,,,,,,,,
2700,train,0.1664655477,0.0002325725491,0.1655631959,44236800,303.1593215,8.906208083,145919.3132,0.08164925128,0.05484826118,0.04313905537,0.06807499379,-0.01658190787,0.01494811755,3.655369997,15875,,,,,,,,,,,,,,,,,,,,,,,,,,,,,,,,,,,,,,,,,,,,,,,,,,
2750,train,0.1629457913,0.0002297548744,0.06244192272,45056000,307.4490523,8.944571398,146547.8578,0.07274100184,0.05096613988,0.03909398243,0.06595385075,-0.01645184308,0.0191798415,3.408806801,15712,,,,,,,,,,,,,,,,,,,,,,,,,,,,,,,,,,,,,,,,,,,,,,,,,,
2800,train,0.1650008121,0.0002268986456,0.229811281,45875200,311.7362156,8.981952882,147160.316,0.07178582251,0.04509290308,0.03640975058,0.05948846787,-0.0127326306,0.02583944984,3.044700861,14445,,,,,,,,,,,,,,,,,,,,,,,,,,,,,,,,,,,,,,,,,,,,,,,,,,
2800,eval,0.1650008121,0.0002268986456,,45875200,311.7399132,,,,,,,,,,,2.378059885,3.430815203,0.2539849822,0.01140619176,0.02183193487,0.1347568769,0.18,0.1057934254,0.1855576788,369353,2.378059885,,,,,,,,,,,,,,,,,,,,,,,,,,,,,,,,,,,,,,,
2850,train,0.1582098736,0.0002240053868,0.07733376324,46694400,321.6853044,8.859590292,145155.5273,0.07732113451,0.05247876048,0.04067889974,0.06472666562,-0.01641617715,0.01269763336,3.545597553,15004,,,,,,,,,,,,,,,,,,,,,,,,,,,,,,,,,,,,,,,,,,,,,,,,,,
2900,train,0.1673944229,0.0002210766419,0.0824201405,47513600,325.9526994,8.89699642,145768.3894,0.06905339658,0.04582503811,0.03482720256,0.05611415952,-0.01528322324,0.03663014993,3.250487804,13884,,,,,,,,,,,,,,,,,,,,,,,,,,,,,,,,,,,,,,,,,,,,,,,,,,
2950,train,0.1666760662,0.0002181139734,0.07566745579,48332800,330.2313795,8.933130475,146360.4097,0.0778485015,0.05450370908,0.04116179422,0.07050964236,-0.0181274116,0.009927848354,3.725361109,16381,,,,,,,,,,,,,,,,,,,,,,,,,,,,,,,,,,,,,,,,,,,,,,,,,,
3000,train,0.1626816085,0.0002151189624,0.08152061701,49152000,334.5154965,8.968194393,146934.8969,0.07448693365,0.04907340556,0.03812510148,0.06997361034,-0.01528497878,0.02595382556,3.369978905,14726,,,,,,,,,,,,,,,,,,,,,,,,,,,,,,,,,,,,,,,,,,,,,,,,,,
3050,train,0.1632314017,0.0002120932068,0.1238326058,49971200,338.7989819,9.002388327,147495.1304,0.07577285916,0.05485105515,0.04093591869,0.07382909209,-0.01893310808,0.04955534637,3.742101669,13042,,,,,,,,,,,,,,,,,,,,,,,,,,,,,,,,,,,,,,,,,,,,,,,,,,
3100,train,0.1626729871,0.0002090383211,0.2413914651,50790400,343.1097569,9.035009752,148029.5998,0.06972011924,0.0525229685,0.0380541794,0.07456028461,-0.01920222491,0.02451627888,3.623082399,14619,,,,,,,,,,,,,,,,,,,,,,,,,,,,,,,,,,,,,,,,,,,,,,,,,,
3150,train,0.1602334341,0.0002059559354,0.2247958481,51609600,347.4138758,9.06699536,148553.652,0.06956070662,0.0435154289,0.03515504673,0.05096532032,-0.01240625139,0.02030152455,2.962828159,15005,,,,,,,,,,,,,,,,,,,,,,,,,,,,,,,,,,,,,,,,,,,,,,,,,,
3200,train,0.1644207972,0.0002028476945,0.2398708016,52428800,351.7325566,9.097821456,149058.7067,0.07039412111,0.05053034797,0.0369512029,0.05390836298,-0.01814028434,0.01707836799,3.55540204,14997,,,,,,,,,,,,,,,,,,,,,,,,,,,,,,,,,,,,,,,,,,,,,,,,,,
3250,train,0.1611724252,0.0001997152567,0.08256106824,53248000,356.0436037,9.128095454,149554.7159,0.06682365388,0.04795017466,0.03601515293,0.07167381048,-0.0163140595,0.01817572303,3.252374649,15295,,,,,,,,,,,,,,,,,,,,,,,,,,,,,,,,,,,,,,,,,,,,,,,,,,
3300,train,0.1631025454,0.0001965602936,0.06316314638,54067200,360.3482344,9.157808156,150041.5288,0.08459612727,0.05727389827,0.04426025227,0.07619430125,-0.01796340011,0.02738091908,3.889654636,15014,,,,,,,,,,,,,,,,,,,,,,,,,,,,,,,,,,,,,,,,,,,,,,,,,,
3350,train,0.1650332227,0.0001933844885,0.07415293902,54886400,364.6679132,9.186440262,150510.6372,0.06846766919,0.04637502506,0.03508800268,0.06268958002,-0.01540153008,0.01808773354,3.237224579,15399,,,,,,,,,,,,,,,,,,,,,,,,,,,,,,,,,,,,,,,,,,,,,,,,,,
3400,train,0.1621378067,0.000190189536,0.07994391024,55705600,368.9804084,9.214581377,150971.7013,0.0562075004,0.03769970313,0.02929792926,0.05626765639,-0.01176296268,0.02462283149,2.546862364,14560,,,,,,,,,,,,,,,,,,,,,,,,,,,,,,,,,,,,,,,,,,,,,,,,,,
3450,train,0.1650755113,0.000186977141,0.05076164752,56524800,373.290715,9.242126476,151423.0002,0.0579125993,0.03855386376,0.02921370044,0.0509060882,-0.01275695302,0.02725242451,2.715673208,13673,,,,,,,,,,,,,,,,,,,,,,,,,,,,,,,,,,,,,,,,,,,,,,,,,,
3500,train,0.1634936777,0.0001837490174,0.1043483168,57344000,377.5984325,9.269106274,151865.0372,0.07632298768,0.05451066792,0.04093726352,0.07257655263,-0.01841579005,0.0306870304,3.713979959,13148,,,,,,,,,,,,,,,,,,,,,,,,,,,,,,,,,,,,,,,,,,,,,,,,,,
3500,eval,0.1634936777,0.0001837490174,,57344000,377.6021259,,,,,,,,,,,2.451453776,3.536700206,0.2387898433,0.03660866942,0.06348457257,0.151589326,0.25,0.1294697284,0.1828244523,369353,2.451453776,,,,,,,,,,,,,,,,,,,,,,,,,,,,,,,,,,,,,,,
3550,train,0.1626543456,0.0001805068877,0.08918254822,58163200,387.6173828,9.158515995,150053.1261,0.07825265825,0.05862185359,0.04416290298,0.07548387349,-0.0202387888,0.008578432724,3.907147884,15731,,,,,,,,,,,,,,,,,,,,,,,,,,,,,,,,,,,,,,,,,,,,,,,,,,
3600,train,0.1601847766,0.000177252482,0.05534379929,58982400,391.9106455,9.185767321,150499.6118,0.06845311821,0.0492368415,0.03743932769,0.06936886907,-0.01617835835,0.01057884935,3.266650677,15797,,,,,,,,,,,,,,,,,,,,,,,,,,,,,,,,,,,,,,,,,,,,,,,,,,
3650,train,0.1664890963,0.0001739875367,0.0415899083,59801600,396.2088385,9.212313421,150934.5431,0.06688474119,0.04512699693,0.03460834548,0.06401132047,-0.01462483406,0.02074154839,3.111988783,14663,,,,,,,,,,,,,,,,,,,,,,,,,,,,,,,,,,,,,,,,,,,,,,,,,,
3700,train,0.1619573678,0.0001707137938,0.1023515612,60620800,400.5121865,9.238170833,151358.1909,0.07049433142,0.05147972703,0.03844056651,0.06945910305,-0.01766393147,0.01638396084,3.486175776,14807,,,,,,,,,,,,,,,,,,,,,,,,,,,,,,,,,,,,,,,,,,,,,,,,,,
3750,train,0.1619571786,0.0001674330003,0.05287182704,61440000,404.8245883,9.263271324,151769.4374,0.07122713327,0.05062265322,0.03841480613,0.06723780185,-0.01674038917,0.04671503976,3.407624483,11830,,,,,,,,,,,,,,,,,,,,,,,,,,,,,,,,,,,,,,,,,,,,,,,,,,
3800,train,0.1620856875,0.0001641469068,0.05859078094,62259200,409.132076,9.287954239,152173.8423,0.08057717979,0.0595126003,0.04532620683,0.08951757848,-0.01950525679,0.01996685937,3.882818937,14705,,,,,,,,,,,,,,,,,,,,,,,,,,,,,,,,,,,,,,,,,,,,,,,,,,
3850,train,0.1670171237,0.0001608572665,0.2225826532,63078400,413.436059,9.312201769,152571.1138,0.0716855675,0.05405814573,0.03953219578,0.07268235832,-0.01947317086,0.04657592252,3.697050333,13200,,,,,,,,,,,,,,,,,,,,,,,,,,,,,,,,,,,,,,,,,,,,,,,,,,
3900,train,0.1638549593,0.0001575658348,0.08724571764,63897600,417.7443101,9.335854266,152958.6363,0.07246714085,0.04969536141,0.0384619683,0.06499099731,-0.01569038443,0.02268077433,3.338614464,14393,,,,,,,,,,,,,,,,,,,,,,,,,,,,,,,,,,,,,,,,,,,,,,,,,,
3950,train,0.1611932011,0.0001542743681,0.09147484601,64716800,422.0492272,9.359097814,153339.4586,0.07994847745,0.05795177445,0.04358604923,0.08014573157,-0.01984631456,0.005103561096,3.936030626,16384,,,,,,,,,,,,,,,,,,,,,,,,,,,,,,,,,,,,,,,,,,,,,,,,,,
4000,train,0.1692517227,0.0001509846224,0.0686390996,65536000,426.353725,9.381881208,153712.7417,0.0773177743,0.05477711186,0.04147819802,0.06739331037,-0.01842085458,0.01731987111,3.731618404,14804,,,,,,,,,,,,,,,,,,,,,,,,,,,,,,,,,,,,,,,,,,,,,,,,,,
4050,train,0.1578119811,0.0001476983533,0.04143585637,66355200,430.6511412,9.404363794,154081.0964,0.06236330047,0.04257869348,0.03262313083,0.05900486186,-0.01383499149,0.0335165374,2.91129446,13919,,,,,,,,,,,,,,,,,,,,,,,,,,,,,,,,,,,,,,,,,,,,,,,,,,
4100,train,0.1600737533,0.0001444173142,0.04368266091,67174400,434.9373667,9.426644647,154446.1459,0.05988351628,0.04244551808,0.03237825632,0.06341881305,-0.01400593948,0.01390251983,2.858218193,15601,,,,,,,,,,,,,,,,,,,,,,,,,,,,,,,,,,,,,,,,,,,,,,,,,,
4150,train,0.1641072039,0.0001411432558,0.1221376136,67993600,439.223438,9.448493957,154804.125,0.08400477469,0.0642599836,0.04780469462,0.08635699004,-0.02218627371,0.02234991267,4.243388653,15104,,,,,,,,,,,,,,,,,,,,,,,,,,,,,,,,,,,,,,,,,,,,,,,,,,
4200,train,0.1613897817,0.000137877925,0.07453873754,68812800,443.5083077,9.469946621,155155.6054,0.06007237732,0.04136648402,0.0319968611,0.05577153713,-0.01322146971,0.01459252462,2.779765606,14938,,,,,,,,,,,,,,,,,,,,,,,,,,,,,,,,,,,,,,,,,,,,,,,,,,
4200,eval,0.1613897817,0.000137877925,,68812800,443.511981,,,,,,,,,,,2.238785373,3.229884555,0.2811230885,0.03317143009,0.05934086868,0.1667881639,0.18,0.1273496065,0.2416124853,369353,2.238785373,0,0,0.1039217509,1,9.622624634,True,0.1793847158,0.8100208546,0.3630543882,0.2239031584,0.6441399266,0.4632261475,-0.5,-0.5,-0.5,0.3479280795,0.06691793049,0.1994769244,0.133378928,0.05468187899,0.2769613457,0.3355009229,0,4.337109375,0.45072,4.522896325,1.973114757,0.041640625,0.762275,86.7421875,9.0144,0.000472887768,0.2377351828,75.6875,41.196,16,0,0,18.24887848
4250,train,0.1627079201,0.0001346230643,0.1010407358,69632000,472.5821004,8.993146369,147343.7101,0.06727816164,0.04794080183,0.03709736094,0.06508034468,-0.01531806774,0.02104895934,3.151013613,14610,,,,,,,,,,,,,,,,,,,,,,,,,,,,,,,,,,,,,,,,,,,,,,,,,,
4300,train,0.1554826474,0.0001313804104,0.06562136114,70451200,476.8741388,9.017054291,147735.4175,0.08090017736,0.05963053927,0.04482427612,0.09261532873,-0.01995052397,0.01357430778,3.96765995,15503,,,,,,,,,,,,,,,,,,,,,,,,,,,,,,,,,,,,,,,,,,,,,,,,,,
4350,train,0.1613832107,0.0001281516934,0.07696974277,71270400,481.1755805,9.040359021,148117.2422,0.06831005216,0.04908213019,0.03765133768,0.0713076368,-0.01573505625,0.02363713644,3.233309746,15131,,,,,,,,,,,,,,,,,,,,,,,,,,,,,,,,,,,,,,,,,,,,,,,,,,
4400,train,0.1549609625,0.0001249386363,0.0607034415,72089600,485.4786682,9.063220051,148491.7973,0.07480181754,0.05212420598,0.04008515552,0.06825071573,-0.0167731829,0.04456522316,3.500683546,13529,,,,,,,,,,,,,,,,,,,,,,,,,,,,,,,,,,,,,,,,,,,,,,,,,,
4450,train,0.1600378186,0.0001217429533,0.04076836631,72908800,489.7782979,9.085743527,148860.822,0.06635249406,0.04587823898,0.03493626788,0.06433837116,-0.01507497393,0.009816439822,3.136235476,15370,,,,,,,,,,,,,,,,,,,,,,,,,,,,,,,,,,,,,,,,,,,,,,,,,,
4500,train,0.1557749833,0.0001185663497,0.05043300986,73728000,494.0853894,9.107737441,149221.1702,0.06814394146,0.0495208092,0.03759033233,0.06951602548,-0.01624627411,0.01914307661,3.271556377,15231,,,,,,,,,,,,,,,,,,,,,,,,,,,,,,,,,,,,,,,,,,,,,,,,,,
4550,train,0.1609679776,0.0001154105205,0.06799566746,74547200,498.3939631,9.129324063,149574.8454,0.07203195989,0.05060666427,0.0382958129,0.06098901853,-0.01699990779,0.01762546413,3.467086315,14691,,,,,,,,,,,,,,,,,,,,,,,,,,,,,,,,,,,,,,,,,,,,,,,,,,
4600,train,0.1567102028,0.0001122771496,0.1206115037,75366400,502.7041225,9.15051179,149921.9852,0.07764678448,0.05670803413,0.04364269227,0.08426270634,-0.01805284433,0.01129988302,3.671734333,15538,,,,,,,,,,,,,,,,,,,,,,,,,,,,,,,,,,,,,,,,,,,,,,,,,,
4650,train,0.1610739863,0.0001091679088,0.06228214502,76185600,507.0164659,9.171299776,150262.5755,0.08320955932,0.06132841855,0.0467380397,0.08793440461,-0.01997037977,0.02398924902,4.022233009,15401,,,,,,,,,,,,,,,,,,,,,,,,,,,,,,,,,,,,,,,,,,,,,,,,,,
4700,train,0.1562603584,0.0001060844572,0.05150188878,77004800,511.3298903,9.191717695,150597.1027,0.0533760488,0.03558762744,0.02705781162,0.04427988455,-0.01179288886,0.02438855916,2.512649059,14530,,,,,,,,,,,,,,,,,,,,,,,,,,,,,,,,,,,,,,,,,,,,,,,,,,
4750,train,0.1586072969,0.0001030284402,0.08944674581,77824000,515.6422417,9.211813183,150926.3472,0.05291357264,0.03690703213,0.02759019658,0.04723163322,-0.01261845231,0.01511768159,2.568745136,15242,,,,,,,,,,,,,,,,,,,,,,,,,,,,,,,,,,,,,,,,,,,,,,,,,,
4800,train,0.1554056086,0.0001000014883,0.08994807303,78643200,519.9425371,9.231789396,151253.6375,0.06788402796,0.04849825799,0.03628825024,0.0647630617,-0.01659071445,0.02190444432,3.33577013,15605,,,,,,,,,,,,,,,,,,,,,,,,,,,,,,,,,,,,,,,,,,,,,,,,,,
4850,train,0.1625069523,9.700521662e-05,0.04881946743,79462400,524.2397926,9.251491528,151576.4372,0.06664210558,0.04717649519,0.03582577035,0.06141185015,-0.01563403942,0.01882093959,3.189562082,14845,,,,,,,,,,,,,,,,,,,,,,,,,,,,,,,,,,,,,,,,,,,,,,,,,,
4900,train,0.1591891584,9.404122402e-05,0.05969032645,80281600,528.5465357,9.27070687,151891.2614,0.07181742042,0.05174165592,0.03957900777,0.06813641638,-0.01693478413,0.00301953638,3.427528143,16384,,,,,,,,,,,,,,,,,,,,,,,,,,,,,,,,,,,,,,,,,,,,,,,,,,
4900,eval,0.1591891584,9.404122402e-05,,80281600,528.5505168,,,,,,,,,,,2.339729038,3.37551548,0.2478904352,0.06639018878,0.1047311958,0.1771603586,0.25,0.1442127987,0.2296206021,369353,2.339729038,,,,,,,,,,,,,,,,,,,,,,,,,,,,,,,,,,,,,,,
4950,train,0.157644776,9.111109198e-05,0.0878161937,81100800,538.571517,9.190979923,150585.0151,0.06903803349,0.0473838523,0.03657758608,0.0632250905,-0.01503749657,0.01776056923,3.188929319,15310,,,,,,,,,,,,,,,,,,,,,,,,,,,,,,,,,,,,,,,,,,,,,,,,,,
5000,train,0.1544260438,8.8216384e-05,0.07551775128,81920000,542.8742743,9.210235661,150900.5011,0.06989672035,0.04881703481,0.03756590188,0.06588817388,-0.01562402956,0.03452605754,3.256856918,13267,,,,,,,,,,,,,,,,,,,,,,,,,,,,,,,,,,,,,,,,,,,,,,,,,,
5050,train,0.1572106233,8.535864462e-05,0.1117824167,82739200,547.1713076,9.229285107,151212.6072,0.06834288687,0.05133591965,0.03810487315,0.07951246947,-0.01794322766,0.04571009427,3.448144197,12523,,,,,,,,,,,,,,,,,,,,,,,,,,,,,,,,,,,,,,,,,,,,,,,,,,
5100,train,0.1558199254,8.253939871e-05,0.1553179473,83558400,551.4571314,9.248225673,151522.9294,0.08576511592,0.06223895028,0.04801266268,0.08398420364,-0.01973556541,0.01465501264,4.031972408,14651,,,,,,,,,,,,,,,,,,,,,,,,,,,,,,,,,,,,,,,,,,,,,,,,,,
5150,train,0.1574986318,7.976015055e-05,0.05564007536,84377600,555.735019,9.267006441,151830.6335,0.07328793406,0.05364634469,0.04095070809,0.06775700301,-0.01764838398,0.01130279619,3.526937962,15629,,,,,,,,,,,,,,,,,,,,,,,,,,,,,,,,,,,,,,,,,,,,,,,,,,
5200,train,0.1585656814,7.702238312e-05,0.04219868779,85196800,560.0142474,9.285478046,152133.2723,0.08407174051,0.06187119335,0.04683002457,0.08366691321,-0.02062484436,0.01700040698,4.102301598,15200,,,,,,,,,,,,,,,,,,,,,,,,,,,,,,,,,,,,,,,,,,,,,,,,,,
5250,train,0.1583232947,7.432755724e-05,0.05393566191,86016000,564.2934663,9.303669656,152431.3237,0.06158818305,0.04218122736,0.03234678507,0.05901641399,-0.01361351646,0.01947149076,2.872074366,14696,,,,,,,,,,,,,,,,,,,,,,,,,,,,,,,,,,,,,,,,,,,,,,,,,,
5300,train,0.1578418496,7.167711082e-05,0.08717219532,86835200,568.5703995,9.321624911,152725.5025,0.07217282057,0.05323061347,0.0397698544,0.07688979805,-0.01837244257,0.01755907573,3.599790335,15523,,,,,,,,,,,,,,,,,,,,,,,,,,,,,,,,,,,,,,,,,,,,,,,,,,
5350,train,0.1593672603,6.907245811e-05,0.08071038872,87654400,572.8479109,9.339302629,153015.1343,0.07529016584,0.05342501402,0.04104266688,0.06921371073,-0.01717397571,0.01946489513,3.541047812,15899,,,,,,,,,,,,,,,,,,,,,,,,,,,,,,,,,,,,,,,,,,,,,,,,,,
5400,train,0.1559644406,6.651498889e-05,0.06389503181,88473600,577.1260877,9.356707512,153300.2959,0.06359452754,0.04568246379,0.03497338668,0.06025031582,-0.01479503792,0.03544521704,3.020179749,13311,,,,,,,,,,,,,,,,,,,,,,,,,,,,,,,,,,,,,,,,,,,,,,,,,,
5450,train,0.1556536078,6.40060678e-05,0.05057788268,89292800,581.4213681,9.373580503,153576.743,0.06568901986,0.04899771512,0.03706379235,0.07108611614,-0.01656854339,0.009688569233,3.228522539,15714,,,,,,,,,,,,,,,,,,,,,,,,,,,,,,,,,,,,,,,,,,,,,,,,,,
5500,train,0.1591741346,6.154703356e-05,0.09379246831,90112000,585.7325695,9.389950784,153844.9537,0.0683394894,0.04905579984,0.03673190251,0.06391700357,-0.01683204435,0.01392957289,3.365867615,15330,,,,,,,,,,,,,,,,,,,,,,,,,,,,,,,,,,,,,,,,,,,,,,,,,,
5550,train,0.1534824646,5.913919827e-05,0.04257188365,90931200,590.035382,9.406215575,154111.436,0.07442034781,0.05118659139,0.03913057968,0.06877612323,-0.01656182855,0.01731837168,3.48663187,14858,,,,,,,,,,,,,,,,,,,,,,,,,,,,,,,,,,,,,,,,,,,,,,,,,,
5600,train,0.1547656307,5.67838467e-05,0.04542697966,91750400,594.337074,9.422262626,154374.3509,0.07100049406,0.05288593844,0.04000644758,0.06719309092,-0.01757835597,0.03436817601,3.460548878,14653,,,,,,,,,,,,,,,,,,,,,,,,,,,,,,,,,,,,,,,,,,,,,,,,,,
5600,eval,0.1547656307,5.67838467e-05,,91750400,594.3411708,,,,,,,,,,,2.300968708,3.319596145,0.2582386777,0.07357230331,0.1145182975,0.1846484489,0.25,0.1519262425,0.2353355302,369353,2.300968708,,,,,,,,,,,,,,,,,,,,,,,,,,,,,,,,,,,,,,,
5650,train,0.1563066106,5.448223564e-05,0.0593912974,92569600,604.2792649,9.349981586,153190.0983,0.05747034401,0.0382777676,0.02888729982,0.05032674223,-0.01274619997,0.02849688195,2.703795195,13710,,,,,,,,,,,,,,,,,,,,,,,,,,,,,,,,,,,,,,,,,,,,,,,,,,
5700,train,0.1576094349,5.223559318e-05,0.05256584659,93388800,608.5713658,9.366198149,153455.7905,0.07581385225,0.05614783242,0.04210785031,0.08003792912,-0.01915267669,0.02777958475,3.738652706,13843,,,,,,,,,,,,,,,,,,,,,,,,,,,,,,,,,,,,,,,,,,,,,,,,,,
5750,train,0.1567026401,5.004511811e-05,0.04604166746,94208000,612.8535841,9.382338865,153720.24,0.07443647087,0.05450553074,0.04121705517,0.07418312877,-0.01823539846,0.03826394677,3.630177021,13165,,,,,,,,,,,,,,,,,,,,,,,,,,,,,,,,,,,,,,,,,,,,,,,,,,
5800,train,0.1547943582,4.791197921e-05,0.08490302414,95027200,617.139586,9.398197963,153980.0754,0.07362931967,0.0575013943,0.04280119389,0.07829840481,-0.01995755173,0.02418843471,3.752628326,15438,,,,,,,,,,,,,,,,,,,,,,,,,,,,,,,,,,,,,,,,,,,,,,,,,,
5850,train,0.1588369861,4.583731471e-05,0.0373320356,95846400,621.4238567,9.413864525,154236.7564,0.06404250115,0.04724191129,0.03568188101,0.0607086271,-0.01579230279,0.01132778637,3.123026133,15880,,,,,,,,,,,,,,,,,,,,,,,,,,,,,,,,,,,,,,,,,,,,,,,,,,
5900,train,0.1588278219,4.382223161e-05,0.05160499737,96665600,625.7150981,9.429211501,154488.2012,0.06804861128,0.04623393714,0.03549168631,0.05934744701,-0.01480659656,0.01589927077,3.158643484,14831,,,,,,,,,,,,,,,,,,,,,,,,,,,,,,,,,,,,,,,,,,,,,,,,,,
5950,train,0.154071562,4.186780511e-05,0.06780776381,97484800,630.0096438,9.444299875,154735.4091,0.07099103183,0.05362188816,0.0398690626,0.07306038588,-0.01846661046,0.01295442227,3.542792797,15319,,,,,,,,,,,,,,,,,,,,,,,,,,,,,,,,,,,,,,,,,,,,,,,,,,
6000,train,0.1560864913,3.997507808e-05,0.04847639427,98304000,634.3041091,9.459185135,154979.2893,0.07478864491,0.05563485995,0.04183393717,0.07125336677,-0.01874789968,0.02215494961,3.680437565,15395,,,,,,,,,,,,,,,,,,,,,,,,,,,,,,,,,,,,,,,,,,,,,,,,,,
6050,train,0.1558945248,3.814506045e-05,0.09394945204,99123200,638.5944514,9.47393136,155220.8914,0.07833344489,0.05812244862,0.04427262023,0.07674519718,-0.01897113398,0.0287792813,3.76739645,14828,,,,,,,,,,,,,,,,,,,,,,,,,,,,,,,,,,,,,,,,,,,,,,,,,,
6100,train,0.158616356,3.637872867e-05,0.05598863214,99942400,642.8836005,9.488498377,155459.5574,0.06703691185,0.04954949021,0.03733491153,0.0741256699,-0.01637112908,0.02637575567,3.246511221,13619,,,,,,,,,,,,,,,,,,,,,,,,,,,,,,,,,,,,,,,,,,,,,,,,,,
6150,train,0.1552209175,3.467702523e-05,0.07516679168,100761600,647.1791353,9.502778542,155693.5236,0.06478890032,0.04986127093,0.03673678264,0.07378849387,-0.01769289188,0.02176374011,3.299678326,12602,,,,,,,,,,,,,,,,,,,,,,,,,,,,,,,,,,,,,,,,,,,,,,,,,,
6200,train,0.1563212714,3.304085815e-05,0.03908077627,101580800,651.4739866,9.516880378,155924.5681,0.07193335146,0.0529994294,0.03982964158,0.0682124123,-0.0178660769,0.02198360674,3.517635822,13167,,,,,,,,,,,,,,,,,,,,,,,,,,,,,,,,,,,,,,,,,,,,,,,,,,
6250,train,0.1615159516,3.147110044e-05,0.03437749296,102400000,655.7625942,9.530888244,156154.073,0.06891221553,0.04750550166,0.03616959602,0.05813275278,-0.01539734192,0.02492122725,3.250099421,14121,,,,,,,,,,,,,,,,,,,,,,,,,,,,,,,,,,,,,,,,,,,,,,,,,,
6300,train,0.16221425,2.996858971e-05,0.07743210346,103219200,660.0564313,9.54463846,156379.3565,0.0705851391,0.05340244249,0.03956541419,0.07646933198,-0.01879785396,0.01983286813,3.590905428,14488,,,,,,,,,,,,,,,,,,,,,,,,,,,,,,,,,,,,,,,,,,,,,,,,,,
6300,eval,0.16221425,2.996858971e-05,,103219200,660.0601773,,,,,,,,,,,2.295982175,3.312402098,0.2556545811,0.08960486538,0.1326995948,0.1901773008,0.25,0.1519236209,0.2541782277,369353,2.295982175,0.8743313341,0.0984612683,0.08879951977,1,11.26132216,True,0.3518786491,0.7191750771,0.3331153262,0.2145780073,0.768955953,0.5881079424,-0.5,-0.5,-0.5,0.6609154397,0.3254301167,0.1994769244,0.133378928,0.05468187899,0.2769613457,0.3355009229,0.8743313341,5.075703125,0.45072,5.204711068,1.973114757,0.026484375,0.762275,101.5140625,9.0144,7.881462799e-05,0.2377351828,74.5625,41.196,16,0,0,18.25198078
6350,train,0.1564831173,2.853412767e-05,0.04349116981,104038400,688.9879158,9.216417088,151001.7776,0.05164653435,0.03620501235,0.02710553072,0.04903557897,-0.01224714611,0.02306612954,2.495846748,14351,,,,,,,,,,,,,,,,,,,,,,,,,,,,,,,,,,,,,,,,,,,,,,,,,,
6400,train,0.1549535143,2.716847973e-05,0.04888607934,104857600,693.2694404,9.231619955,151250.8613,0.05915912986,0.0435696505,0.03260936216,0.05975384638,-0.01479734294,0.01990986057,2.904818535,15471,,,,,,,,,,,,,,,,,,,,,,,,,,,,,,,,,,,,,,,,,,,,,,,,,,
6450,train,0.1558973336,2.587237457e-05,0.07305067778,105676800,697.5503168,9.246644786,151497.0282,0.06848263741,0.05243316293,0.03881963342,0.07764111459,-0.01817714982,0.02592741512,3.466427803,15080,,,,,,,,,,,,,,,,,,,,,,,,,,,,,,,,,,,,,,,,,,,,,,,,,,
6500,train,0.1519599986,2.464650378e-05,0.03625225648,106496000,701.8507299,9.261228524,151735.9681,0.05710053816,0.03938587382,0.02990816534,0.05120224878,-0.01283098757,0.007146662101,2.683667183,16002,,,,,,,,,,,,,,,,,,,,,,,,,,,,,,,,,,,,,,,,,,,,,,,,,,
6550,train,0.1564170845,2.349152146e-05,0.0486458987,107315200,706.1552284,9.275580973,151971.1187,0.06941440701,0.05150417611,0.03872830048,0.06911042333,-0.01729115658,0.008968832903,3.405989408,15701,,,,,,,,,,,,,,,,,,,,,,,,,,,,,,,,,,,,,,,,,,,,,,,,,,
6600,train,0.1564942397,2.240804389e-05,0.05708743259,108134400,710.4590826,9.289767928,152203.5577,0.07076983154,0.05366027355,0.03986089677,0.07968296111,-0.01844887249,0.02448060922,3.541196346,14287,,,,,,,,,,,,,,,,,,,,,,,,,,,,,,,,,,,,,,,,,,,,,,,,,,
6650,train,0.1560144895,2.139664919e-05,0.04775986075,108953600,714.7633398,9.30377879,152433.1117,0.07179375738,0.05410712212,0.04036339745,0.08209247142,-0.01823848672,0.01108088344,3.557706594,15564,,,,,,,,,,,,,,,,,,,,,,,,,,,,,,,,,,,,,,,,,,,,,,,,,,
6700,train,0.1542760205,2.045787704e-05,0.08558745682,109772800,719.0671601,9.317627576,152660.0102,0.08624840528,0.06673851609,0.04985252395,0.1073018834,-0.02221762948,0.0176098682,4.279536247,15502,,,,,,,,,,,,,,,,,,,,,,,,,,,,,,,,,,,,,,,,,,,,,,,,,,
6750,train,0.1560692532,1.959222833e-05,0.0601741299,110592000,723.3711255,9.3313097,152884.1781,0.06247691438,0.04517296329,0.03380985186,0.05982843041,-0.01531581488,0.02910042368,3.057253361,14444,,,,,,,,,,,,,,,,,,,,,,,,,,,,,,,,,,,,,,,,,,,,,,,,,,
6800,train,0.1540042396,1.880016498e-05,0.04544034973,111411200,727.6830964,9.344727167,153104.0099,0.07130019367,0.05259956047,0.03950091451,0.0791625455,-0.01747374795,0.03112052195,3.48064518,14373,,,,,,,,,,,,,,,,,,,,,,,,,,,,,,,,,,,,,,,,,,,,,,,,,,
6850,train,0.1587400727,1.808210961e-05,0.04731069505,112230400,731.9933243,9.358008841,153321.6168,0.07841221243,0.05667178705,0.04287353158,0.07350597531,-0.01851125993,0.04142282531,3.767450094,13526,,,,,,,,,,,,,,,,,,,,,,,,,,,,,,,,,,,,,,,,,,,,,,,,,,
6900,train,0.1557880497,1.743844536e-05,0.03577709198,113049600,736.3072867,9.371087485,153535.8974,0.0667738989,0.04515898973,0.03436475992,0.05794371292,-0.0146568967,0.02970713936,3.115717888,14121,,,,,,,,,,,,,,,,,,,,,,,,,,,,,,,,,,,,,,,,,,,,,,,,,,
6950,train,0.15640071,1.686951569e-05,0.03886027262,113868800,740.6106029,9.384148665,153749.8917,0.07670886815,0.05708549172,0.04285210371,0.07373697311,-0.01897338033,0.004017684143,3.744869947,16384,,,,,,,,,,,,,,,,,,,,,,,,,,,,,,,,,,,,,,,,,,,,,,,,,,
7000,train,0.1587258142,1.637562416e-05,0.04376493022,114688000,744.9246783,9.396923211,153959.1899,0.07781468332,0.058039058,0.04339661077,0.08834337443,-0.01947648637,0.02314135246,3.826744795,14815,,,,,,,,,,,,,,,,,,,,,,,,,,,,,,,,,,,,,,,,,,,,,,,,,,
7000,eval,0.1587258142,1.637562416e-05,,114688000,744.9284544,,,,,,,,,,,2.303213089,3.322834102,0.2523736418,0.1001709746,0.1434173859,0.192927765,0.25,0.1511164889,0.2667262218,369353,2.303213089,,,,,,,,,,,,,,,,,,,,,,,,,,,,,,,,,,,,,,,
7050,train,0.1569306999,1.595703431e-05,0.05225729942,115507200,754.8621638,9.339453397,153017.6045,0.07128162682,0.05484825373,0.04064588994,0.07906935364,-0.01883083209,0.02586983144,3.585494518,13326,,,,,,,,,,,,,,,,,,,,,,,,,,,,,,,,,,,,,,,,,,,,,,,,,,
7100,train,0.1571892357,1.561396949e-05,0.05815248564,116326400,759.163198,9.352402776,153229.7671,0.07113866508,0.05253383517,0.03919361159,0.06983704865,-0.01790572703,0.01764609665,3.512803078,15680,,,,,,,,,,,,,,,,,,,,,,,,,,,,,,,,,,,,,,,,,,,,,,,,,,
7150,train,0.1543659709,1.534661276e-05,0.04291894659,117145600,763.4695716,9.365140755,153438.4661,0.07191090286,0.05238021165,0.03928116709,0.07187469304,-0.01749479957,0.01354006492,3.489879131,15689,,,,,,,,,,,,,,,,,,,,,,,,,,,,,,,,,,,,,,,,,,,,,,,,,,
7200,train,0.153081885,1.515510676e-05,0.04616009817,117964800,767.7818794,9.377663361,153643.6365,0.06200745329,0.04436944053,0.03340275586,0.05878013,-0.01461203024,0.02789639309,2.971436739,13413,,,,,,,,,,,,,,,,,,,,,,,,,,,,,,,,,,,,,,,,,,,,,,,,,,
7250,train,0.1528137305,1.503955369e-05,0.03588065132,118784000,772.0937986,9.390050811,153846.5925,0.06656456739,0.0456456542,0.03467541188,0.05559480563,-0.01488781162,0.02248570882,3.127646208,15193,,,,,,,,,,,,,,,,,,,,,,,,,,,,,,,,,,,,,,,,,,,,,,,,,,
7300,train,0.152213383,1.500001521e-05,0.03915595636,119603200,776.3977249,9.402397465,154048.8801,0.05581756309,0.04013334587,0.03010901809,0.05643172562,-0.01342400163,0.03799976781,2.697575569,13016,,,,,,,,,,,,,,,,,,,,,,,,,,,,,,,,,,,,,,,,,,,,,,,,,,
