step,split,train_loss,lr,grad_norm,tokens_seen,time_s,steps_per_s,tokens_per_s,val_nll,val_ppl,val_bpt,val_token_acc,val_n_tokens,val_n_steps,val_loss
50,train,4.281342416,6.25e-05,4.357084751,1228800,7.77461195,6.431189148,158052.9045,,,,,,,
100,train,3.732695518,0.000125,6.90060854,2457600,15.02899551,6.653804634,163523.9027,,,,,,,
150,train,3.586866822,0.0001875,4.651461601,3686400,22.3829143,6.7015402,164697.0519,,,,,,,
200,train,3.529672089,0.00025,6.0172019,4915200,29.56618786,6.764483841,166243.9549,,,,,,,
250,train,3.491880889,0.0003125,4.354968071,6144000,36.89903069,6.775245727,166508.439,,,,,,,
300,train,3.495839791,0.000375,2.504750013,7372800,44.17354035,6.791395881,166905.3452,,,,,,,
350,train,3.457491908,0.0004375,3.443698406,8601600,51.32562685,6.81920556,167588.7958,,,,,,,
400,train,3.447731075,0.0005,1.841690302,9830400,58.45879316,6.842426577,168159.4756,,,,,,,
450,train,3.446317935,0.0005625,2.48251915,11059200,65.52607441,6.867495177,168775.5615,,,,,,,
500,train,3.33498879,0.000625,2.529252768,12288000,72.61142302,6.885968891,169229.5715,,,,,,,
550,train,2.957597857,0.0006875,1.622445107,13516800,79.89350963,6.884163715,169185.2074,,,,,,,
600,train,2.915107379,0.00075,1.187434793,14745600,88.61454153,6.770897752,166401.5831,,,,,,,
650,train,2.888981099,0.0008125,1.199723482,15974400,97.46236873,6.669240739,163903.2604,,,,,,,
700,train,2.837543659,0.000875,1.23240602,17203200,105.661984,6.624899266,162813.5244,,,,,,,
750,train,2.828610849,0.0009375,0.9075101614,18432000,113.2011468,6.625374574,162825.2055,,,,,,,
800,train,2.791390748,0.001,1.207047701,19660800,120.4931033,6.63938415,163169.5049,,,,,,,
850,train,2.770383158,0.0009999996352,0.9757663012,20889600,128.4467165,6.617529999,162632.4173,,,,,,,
900,train,2.743497157,0.0009999985108,0.736895442,22118400,136.134397,6.611113867,162474.7344,,,,,,,
950,train,2.709483423,0.0009999966268,0.6167318821,23347200,143.5671246,6.61711379,162622.1885,,,,,,,
1000,train,2.680535545,0.0009999939831,0.5989629626,24576000,151.431751,6.603634927,162290.932,,,,,,,
1050,train,2.652501779,0.0009999905796,0.6655472517,25804800,159.0254333,6.602717428,162268.3835,,,,,,,
1100,train,2.605550723,0.0009999864165,0.5488874316,27033600,166.6478093,6.600746838,162219.9543,,,,,,,
1150,train,2.57528358,0.0009999814937,0.63206321,28262400,174.7725241,6.579981641,161709.6288,,,,,,,
1200,train,2.574581089,0.0009999758113,0.6227196455,29491200,182.9397225,6.559537663,161207.1976,,,,,,,
1250,train,2.552889767,0.0009999693692,0.3869333267,30720000,191.6686676,6.521671048,160276.5877,,,,,,,
1300,train,2.527027578,0.0009999621674,0.4787155092,31948800,200.4738355,6.484636746,159366.4327,,,,,,,
1350,train,2.525036154,0.000999954206,0.4631560147,33177600,209.2958884,6.450198378,158520.0753,,,,,,,
1400,train,2.489368529,0.000999945485,0.481897831,34406400,217.9039643,6.424848692,157897.0815,,,,,,,
1450,train,2.46915617,0.0009999360043,0.4069420993,35635200,226.5686975,6.399824937,157282.0977,,,,,,,
1500,train,2.455312867,0.0009999257641,0.4016116261,36864000,235.3204057,6.374287837,156654.4979,,,,,,,
1550,train,2.438540192,0.0009999147643,0.3256002963,38092800,243.8152893,6.357271542,156236.3054,,,,,,,
1600,train,2.437927375,0.0009999030049,0.3714923859,39321600,252.7158878,6.331220463,155596.0741,,,,,,,
1650,train,2.421996522,0.0009998904859,0.3946875036,40550400,261.3138731,6.314245703,155178.9024,,,,,,,
1700,train,2.408091588,0.0009998772075,0.3678687811,41779200,269.9355805,6.297798893,154774.7056,,,,,,,
1750,train,2.399441385,0.0009998631695,0.4444513917,43008000,278.5193381,6.283226191,154416.5669,,,,,,,
1800,train,2.375431857,0.0009998483721,0.4654862881,44236800,286.9494982,6.272880808,154162.3187,,,,,,,
1850,train,2.376566668,0.0009998328151,0.4266724885,45465600,295.4534101,6.261562522,153884.1605,,,,,,,
1900,train,2.367305264,0.0009998164988,0.3459086716,46694400,304.0331078,6.249319405,153583.2737,,,,,,,
1950,train,2.351840076,0.000999799423,0.3908441663,47923200,311.7110405,6.255793818,153742.3889,,,,,,,
2000,train,2.350464401,0.0009997815879,0.5211917758,49152000,319.2486596,6.264709153,153961.4921,,,,,,,
2050,train,2.339609866,0.0009997629934,0.3011928797,50380800,326.8208144,6.272550308,154154.1964,,,,,,,
2100,train,2.328134632,0.0009997436395,0.3515622318,51609600,334.3743508,6.280386026,154346.767,,,,,,,
2150,train,2.338033261,0.0009997235264,0.3967593908,52838400,342.2039382,6.282803205,154406.1716,,,,,,,
2200,train,2.317606926,0.000999702654,0.4166013598,54067200,349.7272422,6.290616613,154598.1939,,,,,,,
2250,train,2.290964651,0.0009996810223,0.3157455325,55296000,357.4241571,6.295041773,154706.9466,,,,,,,
2300,train,2.301046329,0.0009996586315,0.3247509003,56524800,364.9965265,6.301429831,154863.9395,,,,,,,
2350,train,2.307567396,0.0009996354814,0.2971630991,57753600,372.6781988,6.305708269,154969.0864,,,,,,,
2400,train,2.290635257,0.0009996115723,0.313514024,58982400,380.1444292,6.3133899,155157.8702,,,,,,,
2450,train,2.279672832,0.000999586904,0.3090036213,60211200,387.5561633,6.321664398,155361.2243,,,,,,,
2500,train,2.273149734,0.0009995614767,0.257329464,61440000,395.0010219,6.329097551,155543.9014,,,,,,,
2500,eval,2.273149734,0.0009995614767,,61440000,395.0061913,,,2.231757842,9.316228153,2.235606776,0.3628065825,361322,520380,2.231757842
2550,train,2.286676526,0.0009995352904,0.2989267111,62668800,404.5509238,6.303285569,154909.5461,,,,,,,
2600,train,2.271597209,0.0009995083451,0.3606776297,63897600,411.8744996,6.312602511,155138.5193,,,,,,,
2650,train,2.275041332,0.0009994806409,0.2800359428,65126400,419.0535283,6.323774461,155413.0811,,,,,,,
2700,train,2.271227689,0.0009994521778,0.2871318161,66355200,426.1808333,6.335338872,155697.2881,,,,,,,
2750,train,2.257493691,0.0009994229558,0.2668963373,67584000,433.4108002,6.345019549,155935.2004,,,,,,,
2800,train,2.250740476,0.000999392975,0.2951063812,68812800,440.7163622,6.353292593,156138.5188,,,,,,,
2850,train,2.253306279,0.0009993622355,0.280169785,70041600,448.0524976,6.360861763,156324.5387,,,,,,,
2900,train,2.253646379,0.0009993307372,0.2860449553,71270400,455.508539,6.366510728,156463.3677,,,,,,,
2950,train,2.217744513,0.0009992984804,0.3251057565,72499200,462.8691397,6.373291601,156630.0144,,,,,,,
3000,train,2.234986377,0.0009992654648,0.334256947,73728000,470.6152194,6.374634471,156663.0168,,,,,,,
3050,train,2.255919576,0.0009992316908,0.2459539175,74956800,478.6470389,6.372127584,156601.4075,,,,,,,
3100,train,2.216299267,0.0009991971582,0.2832814455,76185600,486.9047511,6.366748308,156469.2064,,,,,,,
3150,train,2.219867373,0.0009991618672,0.2387038916,77414400,495.2021089,6.361039147,156328.8981,,,,,,,
3200,train,2.225738039,0.0009991258177,0.2855764925,78643200,502.8436694,6.363806874,156396.9177,,,,,,,
3250,train,2.208186479,0.00099908901,0.2551516294,79872000,510.5278981,6.365959651,156449.8244,,,,,,,
3300,train,2.212266898,0.0009990514439,0.2992446125,81100800,518.0968719,6.369465209,156535.977,,,,,,,
3350,train,2.215168891,0.0009990131197,0.3026204705,82329600,525.5804691,6.373905038,156645.0902,,,,,,,
3400,train,2.214727998,0.0009989740372,0.2412557155,83558400,533.9812555,6.367264702,156481.8973,,,,,,,
3450,train,2.199066787,0.0009989341967,0.2473747134,84787200,541.9944439,6.365378905,156435.552,,,,,,,
3500,train,2.214067602,0.0009988935981,0.2658280432,86016000,549.7379174,6.36667017,156467.2861,,,,,,,
3550,train,2.210113614,0.0009988522415,0.2546216249,87244800,557.6150868,6.366398765,156460.6161,,,,,,,
3600,train,2.200300665,0.000998810127,0.2183006704,88473600,565.1193433,6.370335829,156557.3733,,,,,,,
3650,train,2.176824288,0.0009987672546,0.2688878775,89702400,572.6267853,6.374134242,156650.7231,,,,,,,
3700,train,2.191540971,0.0009987236245,0.2441265881,90931200,580.1998456,6.377113038,156723.93,,,,,,,
3750,train,2.190331726,0.0009986792366,0.2572953105,92160000,587.8645313,6.379020676,156770.8121,,,,,,,
3800,train,2.201485772,0.0009986340911,0.2490560859,93388800,596.2558262,6.373103344,156625.3878,,,,,,,
3850,train,2.178606806,0.0009985881881,0.2357913405,94617600,604.335649,6.37063196,156564.651,,,,,,,
3900,train,2.184313774,0.0009985415275,0.2129276693,95846400,612.3113475,6.369308712,156532.1309,,,,,,,
3950,train,2.162333665,0.0009984941094,0.2360634804,97075200,620.1385736,6.369544111,156537.9161,,,,,,,
4000,train,2.191382284,0.000998445934,0.2622339725,98304000,627.7630696,6.371830701,156594.1113,,,,,,,
4050,train,2.15950551,0.0009983970014,0.2171409428,99532800,635.273509,6.375206809,156677.0825,,,,,,,
4100,train,2.162250285,0.0009983473115,0.2503830492,100761600,643.223233,6.374147869,156651.058,,,,,,,
4150,train,2.1901723,0.0009982968645,0.2448273748,101990400,651.1168492,6.373663967,156639.1657,,,,,,,
4200,train,2.179722519,0.0009982456604,0.2384368181,103219200,658.6073852,6.377092172,156723.4172,,,,,,,
4250,train,2.158176472,0.0009981936993,0.2600000799,104448000,666.2313135,6.379165785,156774.3783,,,,,,,
4300,train,2.172487569,0.0009981409814,0.27178967,105676800,673.912976,6.3806458,156810.7512,,,,,,,
4350,train,2.159847779,0.0009980875066,0.2794338167,106905600,681.5741715,6.382284103,156851.0141,,,,,,,
4400,train,2.156013823,0.0009980332751,0.2716858983,108134400,689.0668125,6.385447565,156928.7594,,,,,,,
4450,train,2.168241477,0.0009979782869,0.2545741498,109363200,696.5295234,6.388817488,157011.5786,,,,,,,
4500,train,2.154116111,0.0009979225422,0.2588156164,110592000,703.9610934,6.392398731,157099.5912,,,,,,,
4550,train,2.164699082,0.000997866041,0.2187704295,111820800,711.4486227,6.395402078,157173.4015,,,,,,,
4600,train,2.138790941,0.0009978087834,0.2453605086,113049600,718.9927077,6.397839575,157233.3054,,,,,,,
4650,train,2.149387963,0.0009977507696,0.2567855716,114278400,726.6728134,6.399028441,157262.523,,,,,,,
4700,train,2.155926933,0.0009976919995,0.2370773256,115507200,734.0815258,6.402558619,157349.2806,,,,,,,
4750,train,2.140012963,0.0009976324733,0.1840945929,116736000,741.5214841,6.405748318,157427.6707,,,,,,,
4800,train,2.131769829,0.000997572191,0.2636590302,117964800,749.0437949,6.408170033,157487.1867,,,,,,,
4850,train,2.129966259,0.0009975111529,0.21656169,119193600,756.5533898,6.410651337,157548.1673,,,,,,,
4900,train,2.133121061,0.0009974493588,0.1819034815,120422400,764.1721754,6.412167516,157585.4289,,,,,,,
4950,train,2.140079682,0.0009973868091,0.196996212,121651200,771.5995708,6.415244626,157661.0519,,,,,,,
5000,train,2.123025513,0.0009973235037,0.2061991096,122880000,778.9429853,6.418955038,157752.239,,,,,,,
5000,eval,2.123025513,0.0009973235037,,122880000,778.9481924,,,2.055251315,7.808800094,2.058795842,0.4078162968,361322,520380,2.055251315
5050,train,2.141846404,0.0009972594428,0.1997279823,124108800,787.9077749,6.409379576,157516.9124,,,,,,,
5100,train,2.132840905,0.0009971946264,0.1929902732,125337600,795.0891058,6.414375398,157639.6898,,,,,,,
5150,train,2.103888447,0.0009971290546,0.200500831,126566400,802.5191944,6.417291993,157711.368,,,,,,,
5200,train,2.124862487,0.0009970627276,0.1844924092,127795200,810.0144081,6.419638895,157769.0455,,,,,,,
5250,train,2.120249109,0.0009969956455,0.2074082345,129024000,817.4690537,6.422261462,157833.4977,,,,,,,
5300,train,2.105548403,0.0009969278083,0.1895194799,130252800,824.9375689,6.42472861,157894.1303,,,,,,,
5350,train,2.107984278,0.0009968592162,0.2042346299,131481600,833.0946498,6.421839345,157823.1237,,,,,,,
5400,train,2.079059522,0.0009967898693,0.1805877984,132710400,841.171474,6.419618552,157768.5455,,,,,,,
5450,train,2.109754732,0.0009967197676,0.2226973772,133939200,849.0773814,6.418731814,157746.7531,,,,,,,
5500,train,2.116896195,0.0009966489114,0.2031643838,135168000,856.9843178,6.41785373,157725.1733,,,,,,,
5550,train,2.124342153,0.0009965773006,0.1881909519,136396800,864.6418679,6.418842536,157749.4742,,,,,,,
5600,train,2.116878216,0.0009965049355,0.2698558867,137625600,872.3148308,6.419700551,157770.5607,,,,,,,
5650,train,2.111445422,0.000996431816,0.1879562885,138854400,880.1047285,6.419690541,157770.3147,,,,,,,
5700,train,2.12242599,0.0009963579424,0.1795782596,140083200,887.8577485,6.41994735,157776.6261,,,,,,,
5750,train,2.129614749,0.0009962833148,0.2090644389,141312000,895.3913651,6.421772897,157821.4907,,,,,,,
5800,train,2.114203,0.0009962079332,0.2144300938,142540800,902.8867552,6.423839941,157872.2904,,,,,,,
5850,train,2.104038556,0.0009961317978,0.2520228922,143769600,910.56196,6.424603989,157891.0676,,,,,,,
5900,train,2.10267947,0.0009960549087,0.1846800596,144998400,918.247489,6.425283021,157907.7555,,,,,,,
5950,train,2.092899511,0.000995977266,0.1909802258,146227200,925.6787951,6.427715566,157967.5377,,,,,,,
6000,train,2.106920094,0.0009958988699,0.2012076527,147456000,933.1740663,6.429668608,158015.5357,,,,,,,
6050,train,2.090295858,0.0009958197204,0.1926038563,148684800,940.6992242,6.43138619,158057.747,,,,,,,
6100,train,2.100186002,0.0009957398177,0.1757402867,149913600,948.3486712,6.432233402,158078.5681,,,,,,,
6150,train,2.089345121,0.0009956591619,0.1983473152,151142400,956.5560679,6.429314711,158006.8383,,,,,,,
6200,train,2.114557219,0.0009955777531,0.2507534921,152371200,964.790168,6.42626781,157931.9577,,,,,,,
6250,train,2.06758342,0.0009954955915,0.2171806991,153600000,972.9545228,6.423732922,157869.6603,,,,,,,
6300,train,2.095595763,0.0009954126772,0.1852647811,154828800,980.6699376,6.424179796,157880.6427,,,,,,,
6350,train,2.100758054,0.0009953290103,0.2787855268,156057600,988.3778102,6.424668719,157892.6584,,,,,,,
6400,train,2.096464906,0.0009952445909,0.1797488928,157286400,995.9512348,6.426017436,157925.8045,,,,,,,
6450,train,2.08644129,0.0009951594193,0.189772889,158515200,1003.66753,6.426430872,157935.9651,,,,,,,
6500,train,2.089450419,0.0009950734954,0.1813882738,159744000,1011.335435,6.427145509,157953.528,,,,,,,
6550,train,2.089519219,0.0009949868195,0.2075526863,160972800,1019.074316,6.427401709,157959.8244,,,,,,,
6600,train,2.097238128,0.0009948993916,0.1944289953,162201600,1026.775453,6.427890324,157971.8326,,,,,,,
6650,train,2.078657649,0.000994811212,0.1941136718,163430400,1034.216801,6.429986433,158023.3466,,,,,,,
6700,train,2.059337082,0.0009947222807,0.1828380078,164659200,1042.271364,6.428268327,157981.1224,,,,,,,
6750,train,2.064287689,0.0009946325978,0.1838060766,165888000,1049.508352,6.431582928,158062.582,,,,,,,
6800,train,2.099184215,0.0009945421637,0.167021066,167116800,1057.523491,6.430117211,158026.5606,,,,,,,
6850,train,2.087695305,0.0009944509782,0.2350117564,168345600,1065.829624,6.426918379,157947.9461,,,,,,,
6900,train,2.076810839,0.0009943590417,0.165493533,169574400,1073.803028,6.425759492,157919.4653,,,,,,,
6950,train,2.077045209,0.0009942663542,0.1635243297,170803200,1081.711024,6.425006167,157900.9516,,,,,,,
7000,train,2.078598936,0.000994172916,0.1784999967,172032000,1089.308948,6.426092442,157927.6479,,,,,,,
7050,train,2.087460067,0.000994078727,0.1593776345,173260800,1096.78706,6.427865769,157971.2291,,,,,,,
7100,train,2.08731066,0.0009939837876,0.1652625501,174489600,1104.310479,6.429351287,158007.7372,,,,,,,
7150,train,2.042910607,0.0009938880977,0.1672102511,175718400,1111.831254,6.430831994,158044.1271,,,,,,,
7200,train,2.081462634,0.0009937916577,0.1718316972,176947200,1119.222872,6.433035082,158098.2702,,,,,,,
7250,train,2.068489501,0.0009936944676,0.1776333153,178176000,1126.76428,6.434353777,158130.6784,,,,,,,
7300,train,2.059146354,0.0009935965275,0.1748031676,179404800,1133.896096,6.43797966,158219.7881,,,,,,,
7350,train,2.056946282,0.0009934978377,0.1739211231,180633600,1141.120833,6.44103568,158294.8929,,,,,,,
7400,train,2.053917387,0.0009933983983,0.1518261731,181862400,1148.313711,6.444232032,158373.4464,,,,,,,
7450,train,2.059993429,0.0009932982094,0.1753397882,183091200,1155.747967,6.446042055,158417.9295,,,,,,,
7500,train,2.051214828,0.0009931972712,0.1779823452,184320000,1163.230293,6.447562487,158455.2957,,,,,,,
7500,eval,2.051214828,0.0009931972712,,184320000,1163.23605,,,1.991670843,7.327767085,1.995105717,0.4249339924,361322,520380,1.991670843
7550,train,2.069979613,0.0009930955838,0.1598858237,185548800,1172.534368,6.439043671,158245.9373,,,,,,,
7600,train,2.056747286,0.0009929931475,0.193467617,186777600,1179.885367,6.441303717,158301.4802,,,,,,,
7650,train,2.048139637,0.0009928899623,0.1921172738,188006400,1187.421196,6.442532795,158331.686,,,,,,,
7700,train,2.053410685,0.0009927860285,0.172928378,189235200,1195.314949,6.441816867,158314.0913,,,,,,,
7750,train,2.051034307,0.0009926813461,0.1941663325,190464000,1203.235616,6.440966254,158293.1867,,,,,,,
7800,train,2.058720553,0.0009925759154,0.1687670499,191692800,1211.582298,6.437862299,158216.9039,,,,,,,
7850,train,2.047751005,0.0009924697365,0.1829800755,192921600,1219.510179,6.437010643,158195.9736,,,,,,,
7900,train,2.045290427,0.0009923628096,0.160374403,194150400,1227.187974,6.437481599,158207.5478,,,,,,,
7950,train,2.027050862,0.0009922551348,0.1688201129,195379200,1234.89017,6.437819486,158215.8517,,,,,,,
8000,train,2.053963468,0.0009921467123,0.1585209221,196608000,1242.603288,6.438096596,158222.6619,,,,,,,
8050,train,2.049263957,0.0009920375423,0.1449120194,197836800,1250.578014,6.437023448,158196.2882,,,,,,,
8100,train,2.054206631,0.000991927625,0.1813952476,199065600,1258.880963,6.434285877,158129.0097,,,,,,,
8150,train,2.056478353,0.0009918169605,0.1591262966,200294400,1266.982268,6.432607783,158087.7689,,,,,,,
8200,train,2.063867612,0.0009917055489,0.211185649,201523200,1274.607275,6.433354147,158106.1115,,,,,,,
8250,train,2.065711939,0.0009915933906,0.1648563147,202752000,1282.785562,6.431316538,158056.0352,,,,,,,
8300,train,2.016845777,0.0009914804855,0.138372615,203980800,1290.971943,6.429264436,158005.6028,,,,,,,
8350,train,2.042927053,0.000991366834,0.1743393838,205209600,1299.108991,6.427482264,157961.8041,,,,,,,
8400,train,2.038416696,0.0009912524362,0.1877146959,206438400,1307.096882,6.426455543,157936.5714,,,,,,,
8450,train,2.047794144,0.0009911372922,0.148460418,207667200,1314.994558,6.425882107,157922.4787,,,,,,,
8500,train,2.055999606,0.0009910214023,0.2111485302,208896000,1323.15353,6.424046647,157877.3704,,,,,,,
8550,train,2.043929994,0.0009909047666,0.1766644865,210124800,1331.307141,6.422259551,157833.4507,,,,,,,
8600,train,2.040457976,0.0009907873853,0.153526634,211353600,1339.228069,6.421609731,157817.4807,,,,,,,
8650,train,2.060112939,0.0009906692586,0.1563291401,212582400,1347.02171,6.421574306,157816.6101,,,,,,,
8700,train,2.050923331,0.0009905503866,0.1808104813,213811200,1354.831979,6.421460475,157813.8126,,,,,,,
8750,train,2.02753736,0.0009904307696,0.1701392531,215040000,1362.465901,6.422179076,157831.473,,,,,,,
8800,train,2.040987146,0.0009903104078,0.1615751833,216268800,1369.975567,6.423472221,157863.2533,,,,,,,
8850,train,2.022493794,0.0009901893012,0.1476479024,217497600,1377.78308,6.423362376,157860.5537,,,,,,,
8900,train,2.035530741,0.0009900674502,0.1494133025,218726400,1385.558582,6.42340217,157861.5317,,,,,,,
8950,train,2.034397163,0.0009899448549,0.1457628459,219955200,1393.034131,6.424824632,157896.4902,,,,,,,
9000,train,2.028826993,0.0009898215155,0.1581682861,221184000,1400.574458,6.425934695,157923.7711,,,,,,,
9050,train,2.031778529,0.0009896974321,0.1831003875,222412800,1408.166367,6.42679744,157944.9739,,,,,,,
9100,train,2.045606077,0.0009895726051,0.1414378881,223641600,1415.849756,6.427235633,157955.7429,,,,,,,
9150,train,2.024946666,0.0009894470345,0.1559230536,224870400,1423.732097,6.426770893,157944.3215,,,,,,,
9200,train,2.007180078,0.0009893207206,0.171065554,226099200,1431.523124,6.426721195,157943.1001,,,,,,,
9250,train,2.006446433,0.0009891936635,0.1706100851,227328000,1438.974384,6.428189481,157979.1847,,,,,,,
9300,train,2.025937116,0.0009890658635,0.1622584462,228556800,1446.165208,6.43080054,158043.3541,,,,,,,
9350,train,2.018364592,0.0009889373207,0.1542067379,229785600,1453.960816,6.430709755,158041.1229,,,,,,,
9400,train,2.042744122,0.0009888080354,0.1447885334,231014400,1461.654238,6.431069505,158049.9642,,,,,,,
9450,train,2.036436491,0.0009886780078,0.1722441465,232243200,1469.118845,6.432427185,158083.3305,,,,,,,
9500,train,2.038362038,0.000988547238,0.3166479766,233472000,1476.703371,6.433248672,158103.5194,,,,,,,
9550,train,2.01097131,0.0009884157262,0.1373930573,234700800,1484.339271,6.433839074,158118.0291,,,,,,,
9600,train,2.040807498,0.0009882834728,0.1438658684,235929600,1491.751461,6.435388369,158156.1046,,,,,,,
9650,train,2.019365168,0.0009881504778,0.1569462419,237158400,1498.979509,6.437713085,158213.2368,,,,,,,
9700,train,2.012178659,0.0009880167414,0.1491905004,238387200,1506.173923,6.4401593,158273.355,,,,,,,
9750,train,2.018871996,0.000987882264,0.1313870251,239616000,1513.336125,6.442719392,158336.2718,,,,,,,
9800,train,2.020884581,0.0009877470456,0.1576282829,240844800,1520.616074,6.444756286,158386.3305,,,,,,,
9850,train,2.025679376,0.0009876110866,0.1473843902,242073600,1528.062863,6.446069881,158418.6134,,,,,,,
9900,train,2.037892222,0.000987474387,0.1748487055,243302400,1535.476288,6.447510834,158454.0263,,,,,,,
9950,train,2.030362525,0.0009873369472,0.1592834741,244531200,1542.996145,6.448493104,158478.1665,,,,,,,
10000,train,2.008191261,0.0009871987673,0.1885032058,245760000,1550.940675,6.447699876,158458.6722,,,,,,,
7550,train,2.046455872,0.0009930955838,0.1662487984,1228800,11.00343013,4.544037579,111674.2675,,,,,,,
7600,train,2.064320672,0.0009929931475,0.1689926535,2457600,21.48156667,4.655153954,114405.0636,,,,,,,
7650,train,2.059573894,0.0009928899623,0.167202875,3686400,31.49855256,4.762123584,117033.9492,,,,,,,
7700,train,2.062422223,0.0009927860285,0.1531033963,4915200,41.81540489,4.782926305,117545.1969,,,,,,,
7750,train,2.069566505,0.0009926813461,0.1916255802,6144000,52.15244031,4.79363954,117808.4853,,,,,,,
7800,train,2.085146313,0.0009925759154,0.1347863227,7372800,62.62162519,4.790677328,117735.686,,,,,,,
